species_scientific_name,latitude,longitude,catch_date,quantity,weight_kg,depth_m,water_temperature,fishing_method,vessel_name,notes
Pangasius pangasius,35.16289,91.906504,2023-01-20,36,80.28,182.9,22.7,Cast Net,Stephens-Salazar,Writer focus arm wife south father.
Nemipterus japonicus,9.033161,75.395138,2023-05-12,203,92.09,100.9,25.5,Cast Net,Graves LLC,Whole quickly use billion shake outside no.
Mystus tengara,22.498809,96.603327,2025-02-11,217,673.79,132.2,22.5,Hook and Line,Anderson-Walton,Relate behavior enough.
Sardinella longiceps,17.490906,68.240156,2022-12-06,203,581.88,147.6,29.9,Hook and Line,"Terry, Zhang and Dawson",West accept day threat meet rule phone.
Nemipterus japonicus,18.538781,95.09179,2025-09-18,214,608.38,131.2,28.6,Hook and Line,Farmer Group,Leader different politics direction.
Tenualosa ilisha,22.413423,95.270348,2025-07-29,16,50.46,167.6,20.0,Hook and Line,Frost LLC,Tonight issue attention blood machine.
Sardinella longiceps,17.622083,77.224589,2025-08-06,123,136.76,113.1,22.0,Cast Net,Vazquez-Cole,Federal writer truth minute contain part move.
Nemipterus japonicus,22.696939,93.547106,2024-05-04,184,270.5,152.6,22.5,Cast Net,Sims-Gonzalez,World fire develop husband scientist.
Tenualosa ilisha,18.824149,85.409411,2024-01-10,107,522.87,135.1,18.9,Trawl,Spears and Sons,Class subject husband white will sell successful fly.
Catla catla,23.400632,70.653432,2022-11-06,255,727.3,45.1,23.1,Trawl,Jensen-Walsh,Material create study unit.
Mystus tengara,11.880771,68.741834,2023-06-05,100,393.66,35.3,29.8,Trawl,Richard-Smith,Size government baby mean fear else.
Catla catla,23.562084,96.234285,2025-02-05,207,772.98,55.3,20.8,Purse Seine,Hoffman Ltd,Imagine effect become.
Nemipterus japonicus,14.184014,76.862896,2024-07-03,157,319.18,186.2,24.0,Gillnet,Mendoza LLC,Television try surface interest.
Catla catla,11.542615,90.945,2024-02-21,38,43.71,138.5,19.6,Hook and Line,Nelson-Evans,Than interest require social lose car industry.
Scomberomorus guttatus,25.074556,79.144944,2023-02-15,48,209.44,170.3,24.4,Hook and Line,"Clements, Wong and Fletcher",Industry current close civil rule require.
Catla catla,30.772866,81.167427,2025-03-05,264,1173.47,81.7,25.6,Purse Seine,Jones-Wright,Heavy eight voice player inside thus even.
Clarias batrachus,20.015442,84.698672,2023-10-04,40,78.29,127.3,19.2,Gillnet,Ramirez LLC,Phone affect challenge color.
Sardinella longiceps,11.353024,96.686232,2025-09-15,115,55.4,8.8,25.3,Purse Seine,"Castillo, Stone and Smith",Film sure entire involve central successful buy.
Scomberomorus guttatus,30.01876,75.834195,2025-03-14,206,896.0,93.0,24.1,Gillnet,Dennis LLC,Them truth east capital.
Mystus tengara,22.743738,90.484863,2023-07-29,157,750.14,161.7,19.1,Cast Net,"Ryan, Wade and Adams",When seek cause state happen.
Clarias batrachus,35.599894,86.174889,2025-06-17,287,1321.05,70.9,24.3,Trawl,Martinez-Anderson,Care clearly above local.
Nemipterus japonicus,35.948037,80.090287,2024-08-22,132,419.31,4.0,25.9,Cast Net,White-Williams,Involve note point check reflect.
Sardinella longiceps,20.57351,85.487793,2023-10-29,270,786.55,123.6,31.0,Purse Seine,"Frey, Smith and Baker",Discuss issue far how probably determine vote.
Catla catla,29.973101,91.033519,2024-11-13,265,1147.71,151.4,25.9,Hook and Line,"Lara, Reed and Williams",Spend toward community education business find church.
Labeo rohita,34.842809,94.431243,2023-09-07,250,1132.44,193.6,26.1,Gillnet,Carr LLC,Administration executive better class fill yourself provide.
Mystus tengara,34.093131,87.920414,2023-03-21,241,384.49,177.5,25.9,Cast Net,Hamilton-Watson,Again opportunity black building.
Pangasius pangasius,18.504878,75.495357,2024-12-29,156,388.4,176.7,21.0,Hook and Line,Caldwell and Sons,Protect under before treatment.
Tenualosa ilisha,7.428544,82.778593,2023-03-25,148,633.88,156.9,19.8,Purse Seine,Small-Elliott,Central full my anyone old.
Scomberomorus guttatus,27.964638,76.156074,2024-08-31,83,136.85,149.5,31.2,Trawl,Fisher Ltd,Language happen challenge imagine.
Labeo rohita,29.115836,95.256215,2023-07-17,187,255.77,28.3,26.6,Cast Net,Baker Group,Piece worry sound series foreign majority war training.
Sardinella longiceps,25.155348,82.797683,2024-01-02,243,624.8,139.9,25.5,Purse Seine,Gonzalez-White,Everybody PM remember close send bill make.
Scomberomorus guttatus,23.749474,71.087453,2023-03-24,34,74.44,31.4,31.2,Hook and Line,Donaldson LLC,Maybe answer today myself modern edge manage.
Sardinella longiceps,11.507289,72.577622,2024-03-06,135,573.22,137.3,19.7,Cast Net,Gonzalez-Randolph,Follow billion particular political cultural.
Nemipterus japonicus,9.478186,96.565166,2025-07-20,255,520.72,177.4,31.0,Hook and Line,Davis-Thornton,Dream need artist other oil generation us.
Clarias batrachus,12.362071,77.824712,2023-03-23,221,1075.21,110.5,18.5,Trawl,"Mccall, Taylor and Ward",Bad Mrs piece professional agent first town.
Mystus tengara,32.073479,84.357792,2025-08-07,293,197.26,91.2,23.5,Cast Net,"Davis, Brooks and Smith",Thus hope attack money who.
Mystus tengara,16.74124,83.021912,2022-11-27,13,55.29,66.8,23.9,Cast Net,Yoder-Brown,Then thing weight finish letter body.
Scomberomorus guttatus,24.147102,85.656837,2024-06-05,266,154.08,70.6,20.4,Cast Net,"Cooper, Cunningham and Hendrix",Work story born.
Scomberomorus guttatus,19.731194,79.22055,2024-01-05,147,731.3,109.6,22.4,Hook and Line,"Velasquez, Ramos and Buchanan",Fly material size cover cut.
Labeo rohita,11.099066,76.944917,2022-11-25,260,641.99,4.6,28.8,Purse Seine,"Short, Shaw and Robertson",Lot upon nearly.
Catla catla,33.05805,69.07075,2024-11-15,280,499.81,158.4,22.0,Purse Seine,"Watts, Garcia and Dominguez",Some most nice financial play.
Pangasius pangasius,23.275399,87.008363,2023-09-21,99,456.63,179.1,31.1,Cast Net,"Mitchell, Gray and Bruce",Country here you later first kind forget.
Pangasius pangasius,21.933192,92.706239,2023-03-25,244,1064.51,104.5,31.6,Cast Net,"Gonzales, Weber and Lester",Play people challenge per business every provide without.
Clarias batrachus,9.47454,70.219008,2023-07-19,267,1208.11,123.9,20.5,Gillnet,Bartlett-Davis,Deep trial compare charge magazine voice field.
Labeo rohita,18.040432,74.85682,2024-11-02,7,25.72,115.4,18.0,Purse Seine,Soto-Jacobs,Sure leg top employee open situation.
Sardinella longiceps,6.051299,94.224305,2024-02-28,152,431.5,174.4,21.2,Purse Seine,Hess-Santos,Off college exactly brother identify ago always majority.
Mystus tengara,35.086292,89.893811,2025-07-23,205,125.62,195.4,28.6,Gillnet,"Whitehead, Carroll and Smith",Listen girl little rise practice enjoy ball or.
Nemipterus japonicus,16.647094,71.175172,2025-05-31,183,330.76,45.3,28.4,Hook and Line,Smith-Castro,Perhaps seven tough.
Tenualosa ilisha,27.322013,85.036,2025-04-20,74,46.49,174.0,28.4,Cast Net,Nixon PLC,Value nor bring wonder capital whether.
Labeo rohita,25.067376,94.272016,2025-05-24,206,758.81,4.1,18.3,Gillnet,Sellers-Gonzalez,Challenge mind leg single.
Labeo rohita,30.795613,92.62034,2023-11-18,91,252.25,39.1,28.4,Trawl,"Davis, Richardson and Williams",Customer her actually perhaps certainly office.
Pangasius pangasius,9.416895,83.058371,2023-11-19,13,23.21,171.1,21.6,Purse Seine,Harris-Lawrence,Despite to responsibility minute according.
Clarias batrachus,12.536182,74.315044,2022-10-23,31,133.59,38.1,22.9,Hook and Line,Solomon Inc,Line attack where laugh special.
Mystus tengara,8.802609,74.856992,2024-12-13,131,477.78,88.8,22.0,Hook and Line,Mitchell-Russo,Several stuff half mention somebody.
Clarias batrachus,20.373156,77.934145,2022-11-25,22,68.96,6.2,23.4,Hook and Line,Turner-Davila,Country once fear doctor hundred stock.
Sardinella longiceps,21.195472,72.732996,2023-03-21,99,169.13,32.4,26.1,Hook and Line,Brown LLC,Or serious let above American safe cause.
Clarias batrachus,14.887767,68.124375,2023-04-22,25,46.92,91.5,31.6,Trawl,"Palmer, Thompson and Schroeder",Civil owner fund need spend our nothing.
Penaeus monodon,17.082819,79.965056,2024-05-09,62,207.29,31.7,27.0,Hook and Line,Hawkins-Craig,Strategy hold practice.
Clarias batrachus,26.003874,73.005415,2024-03-31,295,546.11,191.2,23.8,Cast Net,Fisher-Lopez,Science surface could.
Catla catla,15.879724,93.237219,2023-03-05,151,707.83,116.8,31.0,Trawl,Smith Group,Building born will spend successful particularly top.
Catla catla,36.660256,96.154594,2022-09-24,128,512.63,124.2,31.7,Hook and Line,Collins-Silva,Practice entire book six.
Scomberomorus guttatus,15.712089,95.669204,2024-03-09,120,549.97,130.9,19.2,Cast Net,Krueger-Ball,Tonight determine deep too improve.
Clarias batrachus,27.061683,91.233648,2022-12-18,68,292.92,6.9,19.7,Purse Seine,"Stevenson, Austin and Robinson",Become fire them drive teacher.
Sardinella longiceps,17.750379,88.467476,2025-06-07,298,1031.08,129.8,23.3,Hook and Line,"Hernandez, Robinson and Davis",Growth enough back rather notice study.
Mystus tengara,35.319958,94.482214,2025-03-14,146,664.35,153.7,31.2,Hook and Line,Palmer-Hebert,Address enough statement reveal.
Nemipterus japonicus,10.475469,89.854328,2025-03-16,23,83.88,70.5,24.9,Purse Seine,Smith PLC,Agreement hear join rate sort hundred trial.
Catla catla,35.490677,74.103529,2024-04-28,123,211.22,47.2,29.7,Gillnet,Dickson-Flores,Voice write within remain degree.
Scomberomorus guttatus,25.736008,88.618288,2023-11-30,111,149.17,65.2,29.9,Hook and Line,"Flores, Beasley and Ellis",Available hospital technology.
Catla catla,24.035419,89.176434,2024-12-21,169,79.5,154.4,31.2,Purse Seine,Colon-Sanchez,Certainly today talk PM kind.
Clarias batrachus,32.339869,89.604736,2025-02-04,18,66.92,6.9,22.7,Cast Net,Evans-Jones,Until writer Mrs well task off.
Clarias batrachus,36.651806,92.338315,2024-12-31,123,293.85,62.2,27.8,Trawl,"Mitchell, Martinez and Moore",Pm month appear TV himself.
Nemipterus japonicus,15.751445,84.568639,2024-03-26,18,82.25,184.0,22.5,Purse Seine,Pugh Ltd,Suggest teach person man morning go.
Labeo rohita,33.012046,79.868317,2022-10-09,31,80.4,4.9,23.4,Purse Seine,Mitchell-Frey,Build particularly help attack.
Labeo rohita,24.491754,95.613608,2025-02-19,39,32.52,72.5,31.2,Gillnet,"Silva, Miller and Palmer",Consider appear bill big inside.
Labeo rohita,10.958867,68.031266,2024-06-18,34,133.6,51.0,27.0,Hook and Line,Brown Inc,Candidate mean collection baby claim physical standard.
Tenualosa ilisha,28.059183,93.979096,2023-08-23,96,131.7,125.2,30.8,Trawl,Contreras LLC,Game inside start a center he sound.
Clarias batrachus,30.278618,83.013645,2025-04-01,99,200.54,144.3,30.8,Purse Seine,Gross-Alvarado,Gas add sort next southern job role.
Penaeus monodon,36.724278,73.259546,2025-03-22,208,561.07,60.7,25.2,Trawl,Lopez LLC,If fast situation here reflect stop into imagine.
Nemipterus japonicus,15.467542,87.299731,2023-03-07,56,75.77,21.4,29.6,Purse Seine,"Cooper, Sweeney and Deleon",Happen class check adult series.
Pangasius pangasius,6.956924,89.496778,2023-11-01,169,219.76,37.6,20.0,Gillnet,Smith-Martinez,Save should recent peace threat matter those.
Labeo rohita,24.616083,75.491262,2023-05-26,31,103.25,91.9,28.2,Purse Seine,Turner-Meyer,Hour decade campaign long sea visit.
Sardinella longiceps,10.626603,84.395799,2024-08-03,276,721.89,33.9,25.9,Hook and Line,Smith-Cruz,Several treatment care tree above.
Clarias batrachus,16.657202,76.790986,2023-08-26,116,526.09,55.6,19.7,Gillnet,Roberts-Thompson,Their spring again spring rock.
Clarias batrachus,35.27969,78.345921,2023-09-01,37,12.34,80.5,22.6,Hook and Line,Nguyen-Richards,Policy gas suddenly trial.
Catla catla,24.466837,93.415255,2024-11-05,148,403.57,69.1,27.8,Cast Net,Young PLC,Current better civil past tree doctor show.
Clarias batrachus,33.70456,73.940897,2024-04-12,33,139.38,23.0,21.5,Trawl,Mcneil LLC,Party college draw.
Nemipterus japonicus,23.0975,94.330338,2024-11-16,216,979.96,124.3,26.1,Cast Net,"Woodward, Cuevas and Gutierrez",Including its name guess.
Pangasius pangasius,8.473286,93.122261,2024-05-04,107,450.6,199.8,18.5,Cast Net,Williams PLC,Western method agent necessary.
Sardinella longiceps,17.96869,70.477981,2025-08-31,240,1100.54,8.0,19.3,Gillnet,"Cabrera, Miller and Foster",Help wish possible seat get population really open.
Pangasius pangasius,15.759555,88.593303,2023-09-04,146,149.73,32.4,20.3,Gillnet,West Ltd,Door or everyone let.
Pangasius pangasius,18.930858,86.072552,2023-05-23,156,99.21,163.6,30.1,Purse Seine,"Tucker, Mathews and Ibarra",Thought account account nearly because figure.
Labeo rohita,15.007918,79.747963,2025-08-23,188,572.63,10.0,31.8,Hook and Line,Adams-Lawrence,Sport example economy camera voice others result.
Nemipterus japonicus,28.005594,73.021733,2024-10-19,117,497.43,57.5,19.8,Cast Net,White-Rodriguez,Girl make describe police seat always box.
Mystus tengara,7.735229,92.132208,2023-03-21,64,273.64,151.3,20.3,Purse Seine,Patterson and Sons,Man hospital such different city president American.
Mystus tengara,11.17447,94.696019,2023-06-16,146,258.66,193.9,23.0,Gillnet,"Flores, Miller and Delgado",Son near own including wait.
Clarias batrachus,21.162507,86.994028,2024-11-05,1,4.98,125.9,31.9,Gillnet,Ochoa-Huang,Rise believe hair even especially environment.
Pangasius pangasius,17.939612,82.875771,2023-04-04,185,51.9,88.2,26.4,Cast Net,Stewart Group,Manager choice concern herself clearly suffer outside.
Scomberomorus guttatus,20.16546,82.939456,2024-10-08,2,1.49,144.4,31.6,Purse Seine,Harrison-Merritt,Kitchen sea candidate effort possible soon.
Tenualosa ilisha,21.353539,85.71413,2024-05-31,105,317.45,6.5,24.1,Cast Net,Griffin Inc,Protect he pattern one.
Scomberomorus guttatus,24.364065,89.348369,2024-03-21,22,106.57,105.3,22.0,Trawl,Short-Fernandez,Better stop hard because different law.
Tenualosa ilisha,36.940783,82.68879,2023-03-19,51,47.99,125.2,23.8,Purse Seine,Lane Group,Lose fine class investment.
Catla catla,11.458095,79.769502,2024-10-01,6,12.69,57.5,24.7,Hook and Line,Brooks-Hamilton,Water go past.
Mystus tengara,19.107995,91.37434,2025-04-04,64,83.62,20.6,31.6,Purse Seine,"Cisneros, Nelson and Conway",Check than recently either.
Clarias batrachus,11.072391,89.032806,2025-06-17,260,47.09,43.8,18.0,Gillnet,Stephens Inc,End professor light report behind once accept.
Pangasius pangasius,27.685662,89.923415,2023-03-09,213,226.77,54.5,27.4,Cast Net,"Willis, Pratt and Morris",Majority seek now baby.
Sardinella longiceps,10.094543,80.210029,2024-08-15,228,416.79,185.5,31.8,Hook and Line,Castillo and Sons,Article smile whom understand describe try.
Labeo rohita,32.168314,83.831289,2023-01-23,208,742.29,172.8,26.1,Hook and Line,"Brewer, Ferguson and Conley",Decide imagine current you help thought safe.
Sardinella longiceps,20.120689,76.920108,2024-10-17,29,10.96,56.2,28.9,Purse Seine,Roman-Smith,Way could guess Mrs thousand office throw.
Labeo rohita,26.610624,79.188313,2022-11-13,231,1042.45,129.6,23.9,Trawl,Perez Inc,Sound blue future item.
Catla catla,6.941993,81.726154,2023-05-11,81,282.29,81.3,20.0,Cast Net,Perez-Leblanc,Country career might option growth newspaper Republican.
Labeo rohita,6.106107,96.118791,2025-07-11,144,624.96,195.8,25.3,Gillnet,"Butler, Marshall and Richardson",Low show develop through sound truth guess.
Sardinella longiceps,6.34129,85.846809,2025-04-20,258,494.35,18.3,30.0,Gillnet,"Montes, Miller and Sandoval",Already garden analysis would keep member score.
Mystus tengara,25.992635,72.5051,2023-05-21,132,301.19,42.0,24.7,Purse Seine,Davis and Sons,Line value easy democratic remember.
Scomberomorus guttatus,19.919586,83.985,2023-02-26,211,671.73,15.8,22.3,Cast Net,Gray Ltd,Word offer add cover particularly focus.
Sardinella longiceps,18.680559,76.813215,2024-03-03,73,50.23,159.3,30.0,Cast Net,"Green, Hooper and Allen",Different fine value sister treatment.
Sardinella longiceps,23.393587,89.580514,2023-05-15,61,191.74,178.7,19.1,Cast Net,"Ross, Ramirez and Williams",Usually cup south information money director table.
Catla catla,16.403125,89.331593,2023-05-26,65,144.69,121.8,25.1,Cast Net,Tucker Inc,Market teacher describe bar clear heart may.
Mystus tengara,32.272851,69.205556,2024-03-18,89,423.75,96.5,20.7,Trawl,"Trujillo, Pace and Munoz",Billion office notice tough.
Tenualosa ilisha,20.863453,96.162613,2023-05-12,249,312.36,19.0,29.4,Cast Net,"Patrick, Ortega and Brooks",Discover forward since manage.
Nemipterus japonicus,33.992718,84.537855,2023-05-27,209,75.42,159.1,25.8,Trawl,Gonzalez LLC,Compare hot Mr research.
Scomberomorus guttatus,19.632293,85.272174,2024-01-05,194,875.78,133.0,18.8,Gillnet,Wilkins-Stephens,Maybe understand case must television treat country.
Clarias batrachus,25.161666,79.423878,2024-03-03,154,381.24,91.1,28.7,Purse Seine,Gonzalez Inc,Tend international line consider interesting single teacher.
Mystus tengara,25.573746,95.316876,2023-05-30,21,83.34,172.0,23.6,Gillnet,Macias-Barker,Alone various leader police week study.
Catla catla,9.489047,72.249671,2023-07-21,98,322.59,194.2,24.8,Purse Seine,Hayes Ltd,Serious majority from me heart final sister.
Clarias batrachus,12.983284,81.161971,2023-10-18,284,719.74,31.6,20.2,Gillnet,"Wilkins, Woods and Bird",Person small fact American Republican.
Labeo rohita,13.692453,82.370893,2025-06-12,288,541.77,21.7,27.9,Purse Seine,Shaw-Downs,Relationship customer with church number.
Scomberomorus guttatus,15.412731,86.824286,2022-10-16,37,70.06,91.7,18.7,Hook and Line,Salazar PLC,Staff long down state.
Labeo rohita,9.334639,86.680911,2022-11-22,130,236.31,192.5,29.6,Cast Net,Lopez Inc,Rise edge offer threat charge.
Sardinella longiceps,7.101094,81.253357,2023-09-03,237,424.49,148.0,23.3,Gillnet,"Martinez, Davis and Russo",Performance find discussion appear wrong.
Mystus tengara,10.887798,89.666412,2025-08-08,37,78.89,9.3,25.2,Gillnet,Richards Inc,School leg town participant society quite should.
Pangasius pangasius,7.329698,79.768806,2025-03-01,108,117.16,181.1,21.9,Purse Seine,"Miller, Torres and Meadows",Along no have purpose which than parent.
Scomberomorus guttatus,7.585681,79.579063,2025-04-23,223,1035.82,26.6,21.6,Cast Net,Mueller-Webb,Reflect compare ask.
Catla catla,19.82057,92.469814,2025-04-04,216,473.64,27.3,23.3,Purse Seine,"Pierce, Silva and Harper",Early party government area.
Clarias batrachus,33.719069,72.98811,2024-11-30,90,302.36,21.5,19.6,Purse Seine,Harris-Strong,Range upon economy various just option head rock.
Penaeus monodon,16.870717,79.395662,2024-06-24,257,215.95,52.5,31.1,Purse Seine,Stephenson-Hale,Practice anyone four.
Penaeus monodon,33.839074,74.474244,2023-10-27,138,577.13,149.6,25.1,Cast Net,Pennington Group,Help him fear various capital.
Penaeus monodon,34.563774,87.108286,2025-02-24,103,365.8,191.8,30.8,Trawl,"Potts, Byrd and Dodson",When role people fill color.
Pangasius pangasius,14.090119,73.073426,2023-10-10,11,29.77,146.0,28.3,Purse Seine,"Barry, Zavala and Cabrera",Party factor west area student meet improve.
Sardinella longiceps,10.67975,71.270509,2025-07-02,267,935.07,22.0,26.9,Hook and Line,Hughes Inc,Here discuss new one.
Tenualosa ilisha,6.185661,96.506093,2024-10-01,220,950.13,39.0,31.9,Gillnet,Jensen-Hayes,Cup yes effect.
Nemipterus japonicus,16.889987,70.35127,2024-12-28,215,358.3,78.7,21.0,Hook and Line,"Miller, Saunders and Hunt",The pressure expect down purpose skin court.
Penaeus monodon,35.735255,83.839927,2025-08-31,5,22.23,187.2,22.3,Gillnet,Miller Inc,Class white national could nearly case.
Labeo rohita,17.73679,80.174465,2025-08-13,53,125.76,155.5,24.7,Cast Net,Deleon and Sons,Wind executive well she population cover all.
Clarias batrachus,14.703112,81.34268,2022-12-16,40,51.95,162.1,25.2,Gillnet,Ward and Sons,High arrive ten.
Penaeus monodon,20.707365,87.865995,2023-03-19,152,672.18,62.9,24.4,Hook and Line,"Smith, Patterson and Fernandez",Management strategy trip upon seem attack.
Clarias batrachus,7.228409,95.923747,2023-05-25,106,320.67,76.8,22.7,Purse Seine,"Miller, Lewis and Moore",Modern bag visit laugh staff this.
Labeo rohita,11.640912,72.430248,2025-08-07,208,392.39,184.4,29.1,Hook and Line,Watson and Sons,Loss artist few sense population involve.
Tenualosa ilisha,24.589618,69.725694,2023-10-23,73,298.83,24.1,21.5,Trawl,Johnson-Baird,Situation agency more form north.
Scomberomorus guttatus,16.304961,96.408584,2023-04-21,119,70.62,147.2,20.4,Purse Seine,"Johnson, Russell and Shepard",Very hard enough cell plan.
Tenualosa ilisha,15.631619,75.429196,2023-09-16,223,549.03,127.5,23.7,Cast Net,Long-Walker,Section tough military situation.
Tenualosa ilisha,31.591402,74.167538,2024-01-09,57,47.32,19.4,31.3,Cast Net,Sheppard LLC,First final change event trade.
Clarias batrachus,13.086074,83.572456,2024-07-05,216,93.17,35.7,30.7,Hook and Line,Black PLC,Western before they guess dream.
Scomberomorus guttatus,18.923886,95.657128,2023-05-23,272,772.42,26.4,29.1,Cast Net,"Callahan, Lara and Cooper",Important attorney computer economic.
Sardinella longiceps,8.71733,69.963096,2025-06-15,103,73.44,122.7,28.1,Hook and Line,"Henderson, Adams and Perez",Worry season fund heart court economic tonight.
Labeo rohita,10.347404,88.523368,2022-11-04,214,998.65,160.4,27.5,Gillnet,Jones-Smith,Happy mother camera environmental central blood.
Catla catla,15.179069,81.89377,2024-12-30,204,61.57,171.6,29.9,Hook and Line,"Morales, Bell and Calhoun",Seek force matter raise big rate type nor.
Sardinella longiceps,9.974161,73.667658,2023-02-28,112,328.04,122.2,23.6,Cast Net,Rivera and Sons,Town term learn end hold own speech.
Mystus tengara,24.069465,91.788649,2023-06-23,163,63.48,57.3,31.2,Gillnet,"Lloyd, Harmon and Adams",Company prevent up.
Pangasius pangasius,33.187634,89.228374,2025-08-28,126,300.17,33.1,28.9,Cast Net,Romero and Sons,Reason tree statement value.
Mystus tengara,36.410469,96.669289,2025-03-04,57,225.09,124.3,31.1,Trawl,"Smith, English and Howard",Laugh blood week building.
Mystus tengara,7.123162,82.628797,2023-09-27,96,93.67,129.6,25.6,Purse Seine,Aguilar and Sons,Reach music including anything.
Scomberomorus guttatus,19.391473,77.635925,2023-08-06,59,31.89,92.5,20.6,Hook and Line,Daniel Ltd,Sometimes in from.
Sardinella longiceps,30.300502,92.854991,2024-05-22,134,312.11,138.5,23.6,Purse Seine,Knight Inc,Support light generation difference tax man.
Penaeus monodon,10.197054,96.898256,2023-09-26,58,232.39,165.6,22.0,Gillnet,"Taylor, Matthews and Webb",High wait stay.
Sardinella longiceps,25.513427,86.186001,2024-12-19,66,307.39,63.5,31.9,Gillnet,"Webster, Gay and Shepard",Over ball statement man election.
Catla catla,26.605664,86.383023,2024-12-03,123,93.25,41.6,32.0,Purse Seine,Rios Inc,Less debate father both.
Catla catla,9.513511,87.389842,2023-12-05,266,640.3,16.5,22.7,Trawl,Martin-Green,Suggest employee whole say model on candidate.
Labeo rohita,29.326439,73.676321,2022-12-23,206,494.36,24.9,19.8,Gillnet,Torres Ltd,Without state cultural although cell eight to.
Nemipterus japonicus,22.758287,79.773408,2022-09-25,296,1351.22,154.7,25.2,Gillnet,Thomas Group,Participant many relationship student.
Pangasius pangasius,14.049631,78.341688,2022-10-03,27,71.5,93.1,20.4,Hook and Line,Lloyd Group,Knowledge east administration suffer book after middle American.
Clarias batrachus,8.393825,79.230917,2025-08-20,263,147.14,161.4,19.3,Gillnet,Miles LLC,Cold door couple character person.
Clarias batrachus,9.643741,93.588357,2024-07-25,129,180.14,196.2,22.9,Cast Net,"Harper, Sanford and Johnson",Safe common television.
Clarias batrachus,9.170101,68.672564,2023-05-12,21,64.86,98.7,24.3,Purse Seine,Clark LLC,Once section general large way.
Labeo rohita,36.290148,74.70373,2023-09-06,233,817.57,65.6,32.0,Hook and Line,"Mills, Richardson and Vasquez",Subject power ever certain.
Sardinella longiceps,19.050797,70.626268,2024-09-14,265,429.87,99.9,28.5,Hook and Line,Blevins and Sons,Seek Republican response trade.
Tenualosa ilisha,34.97076,91.029219,2023-11-23,33,112.27,32.5,20.2,Hook and Line,Allison-Benton,Specific dog of issue staff present.
Penaeus monodon,24.571199,72.600312,2023-09-15,134,527.65,135.0,27.6,Hook and Line,Jenkins-Burnett,Health individual particular democratic couple.
Sardinella longiceps,13.912238,74.829931,2024-08-12,170,333.0,23.9,23.3,Trawl,Key Ltd,Environment international interest consider.
Pangasius pangasius,8.456477,85.934931,2024-03-24,42,209.13,137.3,24.6,Gillnet,"Liu, Sweeney and Daniels",Outside kitchen across since knowledge central hope.
Penaeus monodon,26.177491,69.965495,2023-09-18,201,350.0,132.3,26.4,Trawl,"Davila, Willis and Lee",Mission break assume Congress side PM relationship level.
Scomberomorus guttatus,9.5905,73.755605,2025-04-17,108,354.13,110.8,25.4,Cast Net,Mcbride and Sons,Measure herself level control bit they hand.
Sardinella longiceps,34.349118,70.518807,2024-12-02,139,563.49,54.9,18.6,Gillnet,Wallace-Whitehead,Where concern since movement scientist factor.
Sardinella longiceps,32.260866,95.528973,2023-07-18,38,176.27,82.5,22.3,Hook and Line,"Acevedo, Clark and Garcia",While store trade.
Sardinella longiceps,25.901774,83.11096,2025-02-13,88,116.9,85.0,28.0,Gillnet,Hall-Perry,Find fill father return type.
Labeo rohita,25.410944,77.479399,2022-10-09,138,58.82,118.7,26.0,Purse Seine,"Harrington, Vega and Williams",Middle how skin pressure.
Nemipterus japonicus,19.138776,85.691821,2023-05-03,271,496.98,113.4,31.2,Gillnet,Randall-Webb,Southern everybody produce less see dog world.
Scomberomorus guttatus,7.291363,77.045994,2024-08-02,50,7.81,143.8,31.1,Trawl,Jones-Silva,By edge probably small particularly throw north.
Scomberomorus guttatus,25.581873,71.885276,2024-06-08,270,856.36,196.1,22.6,Cast Net,Wells-Ellison,Guy win right policy piece.
Scomberomorus guttatus,12.389651,86.237932,2023-04-16,212,343.75,174.1,30.6,Purse Seine,Wilson-Santana,Ready benefit before fire.
Mystus tengara,14.096589,92.918185,2023-12-27,192,675.39,70.4,22.6,Purse Seine,Ramirez-Simpson,Article image son computer price.
Catla catla,9.55246,93.899165,2023-05-28,247,985.82,157.2,30.0,Purse Seine,Jones Ltd,Face between by clearly floor second wonder.
Nemipterus japonicus,20.581324,73.232162,2023-06-14,256,633.75,102.8,27.9,Trawl,"Thomas, Pierce and Jones",Local series those smile citizen character.
Labeo rohita,19.48116,79.246166,2023-02-13,180,21.66,80.1,27.9,Gillnet,Dunn-Smith,Agree audience suggest high fly.
Tenualosa ilisha,19.404349,92.776129,2023-09-13,295,779.15,67.8,27.0,Cast Net,Bradford Ltd,President book against safe attorney.
Sardinella longiceps,21.837643,81.384746,2024-03-04,141,561.37,133.1,22.1,Gillnet,Parsons Inc,Move road age attorney walk since agreement.
Sardinella longiceps,18.01801,68.224964,2025-03-09,128,410.76,3.6,23.6,Trawl,Ryan-Kim,Bring that official choice however similar.
Sardinella longiceps,30.656176,74.766966,2025-03-25,189,870.27,62.3,27.6,Hook and Line,Hernandez-Kelley,Goal poor college yard outside training.
Penaeus monodon,25.534131,84.255623,2023-06-10,158,584.13,90.9,25.0,Trawl,"Meyer, Smith and Lopez",Once eat shake several forward.
Pangasius pangasius,9.670952,74.933908,2023-07-23,251,1006.2,14.1,29.6,Hook and Line,"Casey, Lopez and Ford",Major give federal actually can.
Clarias batrachus,21.369595,77.303991,2025-03-05,89,93.73,133.0,25.1,Cast Net,"Meadows, Jensen and Lopez",Wonder American fine great mouth also resource yet.
Pangasius pangasius,27.233544,79.816138,2023-11-16,63,206.76,107.1,24.8,Purse Seine,Davis-Mcintyre,Time cup fall beat.
Tenualosa ilisha,10.945968,82.235836,2025-01-15,4,0.97,124.7,20.8,Purse Seine,Bennett Group,Prove style to.
Pangasius pangasius,13.155309,91.899532,2025-03-26,272,882.78,199.3,19.7,Purse Seine,Day-Watson,Maintain benefit wide move daughter.
Nemipterus japonicus,26.481485,94.420252,2022-10-30,30,102.13,70.8,28.4,Purse Seine,"Thomas, Morales and Garcia",Smile despite world coach.
Labeo rohita,24.371663,81.581075,2024-07-04,258,132.93,107.0,22.1,Trawl,Miller Ltd,Partner sea society whom way something now approach.
Sardinella longiceps,32.82808,72.738032,2024-02-23,261,435.8,49.0,23.8,Trawl,Jackson LLC,Of heart either letter herself include so when.
Mystus tengara,28.778481,75.768697,2025-06-16,211,136.66,164.0,18.0,Cast Net,Ellis Inc,Machine ground understand.
Labeo rohita,13.256346,71.56142,2023-09-13,135,661.8,35.8,28.5,Hook and Line,"Johnson, Munoz and Franklin",Worker step respond decade.
Catla catla,20.06009,95.963687,2024-06-10,192,937.84,74.7,31.5,Trawl,Carrillo Group,Affect perform entire black nature.
Pangasius pangasius,25.807115,82.465874,2023-11-05,116,153.19,128.6,27.6,Cast Net,Warner-Dillon,Modern coach floor magazine list.
Sardinella longiceps,24.626867,71.444467,2024-12-10,192,738.48,187.1,24.8,Hook and Line,"Johnson, Hughes and Smith",Red spring sign.
Tenualosa ilisha,31.634184,95.535386,2023-08-06,229,851.05,59.2,19.8,Purse Seine,"Myers, Ortiz and Oliver",Already themselves throw hit partner question.
Labeo rohita,22.764549,93.68537,2024-04-25,213,846.85,57.4,24.5,Cast Net,Cruz LLC,Subject country into power as Mr blood.
Sardinella longiceps,35.214579,75.031889,2025-04-18,115,531.99,140.0,20.3,Gillnet,"Rubio, Lopez and Reese",Agree anyone common.
Catla catla,14.674486,75.649179,2024-05-14,241,1007.59,107.6,30.0,Gillnet,Swanson Ltd,Industry white door.
Catla catla,25.774508,84.940086,2023-07-27,142,167.88,41.9,18.4,Gillnet,Fowler-Baker,Information whose up in start important section.
Catla catla,11.567662,78.695326,2025-08-10,291,1310.47,123.1,24.0,Cast Net,Sharp-Gonzales,Role moment serious significant next wonder late.
Sardinella longiceps,8.229674,77.894946,2023-08-14,23,105.42,69.4,22.9,Trawl,Perry-Harrison,Heavy discover any road surface magazine.
Tenualosa ilisha,25.689594,85.089899,2025-09-11,167,129.39,167.1,28.5,Hook and Line,Fernandez Inc,Actually site reveal without PM visit act.
Penaeus monodon,29.115449,90.581857,2025-06-06,218,350.85,188.5,25.3,Purse Seine,Wheeler and Sons,Peace start two to.
Catla catla,22.914935,94.107278,2023-09-22,220,934.87,138.1,28.1,Gillnet,Williams Inc,Hot my next fish attorney.
Mystus tengara,22.722054,73.353786,2023-06-29,202,163.99,8.0,24.3,Cast Net,"Maynard, Martin and Gray",Along structure who name reduce behavior.
Catla catla,16.847804,69.876206,2024-07-15,247,602.19,86.2,26.1,Purse Seine,Black Inc,Better product series population street.
Catla catla,33.495424,92.73605,2025-08-13,70,285.0,16.1,21.5,Trawl,Savage-French,Born then question fill.
Pangasius pangasius,16.56315,80.211273,2024-05-15,29,64.17,128.3,24.3,Hook and Line,"Adams, Smith and Rodriguez",All husband truth half traditional material fly.
Catla catla,19.161979,74.655117,2024-11-29,39,41.43,75.7,28.8,Hook and Line,Freeman-Wilson,Myself about discover cut company interest.
Scomberomorus guttatus,13.681301,81.969811,2024-01-20,264,189.78,169.4,20.0,Trawl,Shah-Henderson,Every vote wish language act.
Pangasius pangasius,29.536009,86.752389,2025-09-09,53,213.46,36.2,30.6,Cast Net,Pacheco-Hardy,Environmental city research travel food report training.
Nemipterus japonicus,12.545495,92.841371,2024-01-09,87,394.18,89.3,21.6,Gillnet,Williams Inc,Despite relate area cause inside picture.
Nemipterus japonicus,16.635676,85.520189,2024-03-02,86,98.26,26.2,22.5,Trawl,"Hill, Harris and Jones",None even feel serve movement.
Scomberomorus guttatus,26.963345,89.768395,2024-05-16,283,270.01,143.5,29.4,Trawl,"Leblanc, Barton and Frye",Respond next claim.
Mystus tengara,18.035503,86.207175,2024-11-24,7,4.76,147.0,23.6,Hook and Line,Michael-Butler,Property rest add low garden month decision manage.
Sardinella longiceps,25.698447,90.139311,2024-02-03,193,628.8,138.7,28.2,Cast Net,"May, Baxter and Lester",Recent practice attention standard than.
Sardinella longiceps,31.38384,71.466551,2024-07-23,187,820.94,115.1,22.4,Gillnet,Clark PLC,Effect red nearly good.
Sardinella longiceps,20.261484,77.283099,2024-08-12,151,648.85,89.8,20.4,Gillnet,Wright-Nolan,Too receive enter actually goal personal Congress.
Clarias batrachus,19.691915,77.615729,2022-11-20,267,1243.39,149.6,25.0,Gillnet,Higgins LLC,Your bad teach show real.
Tenualosa ilisha,12.509768,96.961645,2022-11-25,57,191.05,168.5,31.6,Hook and Line,"Boyd, Martinez and Sanders",Test floor top our.
Mystus tengara,35.866313,80.891105,2023-05-16,218,356.97,130.3,30.1,Hook and Line,Rush LLC,Under space model quickly.
Nemipterus japonicus,36.996116,81.84282,2024-04-21,230,791.78,170.8,22.5,Purse Seine,"Wilkinson, Burnett and Weaver",Quickly shoulder available mean site full.
Penaeus monodon,14.81809,81.085996,2023-04-16,211,273.36,45.9,20.4,Purse Seine,Porter Inc,Road pattern data certain huge.
Catla catla,10.518308,88.726142,2023-04-30,69,37.12,95.4,18.3,Trawl,Patel Ltd,Ability she theory public.
Nemipterus japonicus,32.035717,94.476211,2022-09-28,153,363.86,109.7,18.5,Trawl,Vance-Dickerson,Box take degree PM population.
Pangasius pangasius,34.869257,81.791831,2024-12-27,104,119.91,2.3,26.6,Gillnet,Kerr Ltd,Forget war increase condition garden small.
Scomberomorus guttatus,15.889487,70.995535,2023-12-02,31,37.66,194.2,27.6,Hook and Line,Ramirez and Sons,Could fire attention war others big college system.
Labeo rohita,34.148877,81.451323,2023-06-18,235,1111.15,162.4,22.4,Hook and Line,Wright-Guerrero,Risk our girl would.
Sardinella longiceps,6.606649,85.196302,2024-10-23,257,977.51,191.3,23.2,Cast Net,Perez-Wolf,Require line program strategy stage financial term.
Clarias batrachus,27.283131,85.894327,2025-03-19,93,400.98,83.3,23.8,Gillnet,"Archer, Peterson and Perez",Four pressure whom reach.
Tenualosa ilisha,26.928153,68.040309,2025-06-25,275,808.19,178.5,30.4,Trawl,"Myers, Dean and Daniels",Consumer task for effect else name.
Sardinella longiceps,34.044986,75.107927,2024-07-11,231,834.93,52.3,22.7,Cast Net,Alexander LLC,Society on instead piece former community know subject.
Sardinella longiceps,10.658426,70.826719,2025-08-28,147,662.13,115.8,29.1,Hook and Line,"Olson, Kelly and Smith",Serve exist standard energy who seat while write.
Catla catla,22.852437,86.620779,2025-07-08,250,611.73,35.7,30.4,Hook and Line,Alexander Inc,President half goal skin idea much.
Scomberomorus guttatus,26.100821,87.579759,2023-06-16,88,27.19,165.0,24.1,Gillnet,Rice-Mcclure,Decide call stock.
Nemipterus japonicus,36.363279,69.284062,2024-12-23,218,806.99,76.8,27.1,Cast Net,"Cook, Gonzalez and Johnson",Require pattern our need figure artist lead.
Mystus tengara,12.255557,81.429236,2024-12-19,299,688.32,179.8,28.5,Purse Seine,"Clark, Bailey and Ramirez",Nearly attention charge personal become boy.
Nemipterus japonicus,8.827015,81.11556,2023-05-09,151,412.76,161.0,22.8,Purse Seine,"Thompson, Cummings and Soto",Image style guy as various newspaper.
Penaeus monodon,15.911803,96.129756,2025-01-14,114,340.79,46.4,20.2,Purse Seine,Garcia Inc,Single drop ready movie perhaps.
Sardinella longiceps,6.918778,93.327825,2023-12-01,89,297.49,36.1,28.4,Hook and Line,Garcia-Williams,Without I thousand.
Pangasius pangasius,22.345842,95.373713,2024-07-02,70,74.48,15.0,25.9,Purse Seine,Miller-Armstrong,Simple class sign send.
Scomberomorus guttatus,26.534142,83.7255,2023-10-02,34,7.47,28.6,29.0,Trawl,"Gomez, Tran and Weber",Party effort so stage my.
Nemipterus japonicus,6.22792,72.197362,2023-02-26,170,454.86,119.5,21.6,Purse Seine,Kelley LLC,Show fact space ok board page who.
Clarias batrachus,16.082131,79.992105,2023-05-22,289,1375.97,16.3,24.5,Purse Seine,Brown-Mendez,Evening American similar talk mission.
Tenualosa ilisha,7.550864,74.831741,2023-02-19,227,348.37,40.7,26.2,Cast Net,Cox Ltd,Month another maintain religious main off white.
Scomberomorus guttatus,8.646875,95.846549,2025-02-15,118,279.15,65.1,22.7,Purse Seine,"Murray, Fernandez and Vaughn",Have whom win election current ahead.
Clarias batrachus,14.471808,94.919631,2025-08-10,169,105.15,74.8,18.5,Gillnet,Bridges-Buckley,Develop between production agree speech idea piece.
Catla catla,26.154318,83.271623,2025-04-08,103,78.58,155.7,27.7,Trawl,"Burns, Foster and Romero",Someone necessary position.
Tenualosa ilisha,8.629419,80.755896,2024-10-11,57,249.79,45.0,18.9,Cast Net,Colon-Hopkins,Nor phone lay.
Mystus tengara,10.308761,68.218819,2023-06-03,25,13.01,182.2,27.9,Hook and Line,Clark-Garcia,Girl remain song design most the.
Tenualosa ilisha,14.721096,87.76257,2022-09-25,103,338.49,100.9,25.2,Hook and Line,"Bryant, Mcconnell and Osborne",Own everything research risk seven choice yourself.
Mystus tengara,26.91286,80.316421,2023-06-02,289,1401.4,127.1,20.6,Purse Seine,"Montgomery, Smith and Mcbride",Operation radio traditional kind improve.
Clarias batrachus,30.999014,91.968441,2023-06-15,164,481.45,110.1,18.4,Gillnet,Dudley-Hammond,Energy affect lose I avoid central four.
Sardinella longiceps,14.283695,70.154022,2024-05-18,160,153.74,72.6,25.4,Purse Seine,"Taylor, Werner and Henry",Age her glass former cost eight room.
Mystus tengara,13.473676,82.032185,2025-09-12,26,14.43,142.0,26.6,Cast Net,Clay Group,Century last truth each PM.
Labeo rohita,10.221493,80.460765,2023-03-22,83,274.62,33.0,31.3,Hook and Line,Lee and Sons,Would enjoy be west and someone guy.
Tenualosa ilisha,15.309368,86.437042,2023-07-29,70,289.0,53.0,30.5,Gillnet,Christensen-Myers,Key only film write commercial inside create color.
Catla catla,17.48842,96.411899,2025-01-18,175,486.48,57.4,26.4,Gillnet,"Watson, Fernandez and Wilson",Since memory return.
Labeo rohita,25.745145,73.181386,2023-03-19,55,69.62,7.4,25.7,Trawl,Johnson-Stephens,Ask far about medical.
Mystus tengara,20.958605,92.727632,2024-01-17,173,398.44,169.2,21.4,Trawl,Hart-Rogers,Enough short catch like peace discover.
Pangasius pangasius,14.997787,87.288619,2022-10-05,64,221.14,85.6,18.9,Purse Seine,Rivera PLC,Group story bit black start population heavy.
Clarias batrachus,15.229257,69.785718,2023-12-22,133,415.59,71.8,24.1,Cast Net,"Fry, Smith and Avila",Alone political effort opportunity threat according board.
Nemipterus japonicus,20.395029,80.511277,2025-02-23,291,927.82,153.1,22.2,Purse Seine,Jackson-Velez,Author place half friend dark.
Scomberomorus guttatus,8.600049,80.684847,2025-01-21,238,399.9,129.0,20.5,Hook and Line,Mason LLC,Five bag relationship action open set.
Catla catla,19.11167,72.69177,2024-06-23,203,657.55,104.1,29.4,Gillnet,Massey LLC,Experience would argue thought.
Pangasius pangasius,21.778678,75.42606,2023-01-06,248,387.7,21.2,26.8,Gillnet,"Chavez, Kent and Miller",Itself fish fast make eye.
Sardinella longiceps,35.999674,83.494639,2023-02-03,260,1139.44,146.9,27.6,Cast Net,West LLC,Direction cultural win.
Penaeus monodon,6.50714,76.663636,2025-09-10,275,1036.15,75.6,24.0,Cast Net,Lopez-Moore,Property carry training reveal to.
Pangasius pangasius,31.874013,93.691766,2024-10-11,295,904.92,15.1,21.2,Gillnet,Owens and Sons,School music artist else card who.
Labeo rohita,25.030506,90.454499,2025-04-29,189,872.85,54.5,26.9,Gillnet,"Johnson, Serrano and Hardin",Season themselves school.
Sardinella longiceps,18.192843,91.134197,2025-02-27,175,710.82,41.3,18.9,Trawl,Collins and Sons,Management walk must will laugh travel high.
Pangasius pangasius,14.841946,68.934417,2023-05-26,171,195.39,145.1,29.4,Trawl,Graham-Yates,Pattern other happy foot.
Labeo rohita,16.559688,88.369205,2023-05-07,138,568.9,30.7,29.9,Cast Net,Johnson Ltd,Less rule stop.
Clarias batrachus,35.672971,76.305124,2024-02-11,106,215.9,82.0,25.3,Cast Net,Hansen Inc,Write send only course method listen this.
Catla catla,25.545546,79.243316,2024-12-04,278,1359.84,28.6,27.9,Trawl,Lynch-Moore,Meet clear should call address such amount.
Labeo rohita,35.249096,81.066847,2023-09-15,6,11.49,11.4,25.4,Trawl,"Russell, Lee and Grant",For position nation change.
Penaeus monodon,34.725381,75.74154,2025-04-16,34,124.05,138.0,20.1,Trawl,Jacobs LLC,Special deep training spring term west quickly born.
Mystus tengara,18.440076,84.835393,2023-06-16,116,227.77,53.9,18.2,Trawl,Burns Inc,Beat follow both certainly protect office morning cup.
Penaeus monodon,7.248171,74.811148,2023-06-04,63,305.19,122.7,26.9,Gillnet,Alvarez-Weeks,Floor year note outside.
Penaeus monodon,25.927878,88.115913,2023-01-26,242,1076.53,130.8,30.7,Trawl,"Mccarty, Moore and Smith",Popular best firm seem price cold.
Sardinella longiceps,36.892805,90.869434,2023-06-29,115,35.43,106.7,23.7,Cast Net,"Sanchez, Chapman and Miller",Mr better whatever activity.
Clarias batrachus,9.552045,83.584071,2024-01-28,15,65.15,97.7,28.9,Hook and Line,Matthews-Sanchez,Ago allow difficult it fine.
Penaeus monodon,30.075716,91.159935,2025-08-17,38,177.38,110.6,27.0,Gillnet,Nunez and Sons,Low become true process.
Clarias batrachus,23.82066,71.089495,2025-01-09,85,201.19,8.1,19.7,Trawl,Hughes Inc,Message amount realize win stay.
Penaeus monodon,8.947446,91.589702,2023-02-27,1,2.42,15.1,30.5,Purse Seine,"Bartlett, Munoz and Chavez",Him buy statement which health year.
Labeo rohita,33.370841,95.116099,2025-03-16,197,263.03,68.7,30.8,Hook and Line,Meza-Mcneil,Record water show design.
Pangasius pangasius,22.71022,96.548732,2025-06-29,259,724.94,169.0,21.4,Gillnet,"Rodriguez, Martinez and Wise",High laugh remain sound hot firm instead.
Pangasius pangasius,17.945799,78.269954,2023-12-01,285,734.58,69.9,25.3,Trawl,"Elliott, Jackson and Gillespie",Keep control former case suggest he.
Scomberomorus guttatus,14.199838,70.297287,2025-01-03,127,145.71,75.9,26.8,Gillnet,Andrade Ltd,Current ok manage best.
Nemipterus japonicus,7.623514,69.838219,2024-04-23,6,13.0,28.1,27.1,Cast Net,"Johnson, Lewis and Johnson",Camera sort with cause loss authority.
Penaeus monodon,24.991175,80.154255,2024-04-22,53,213.81,64.2,23.1,Trawl,Howard-Thompson,Evening tree structure plant although state.
Pangasius pangasius,24.854509,88.011857,2023-04-04,237,431.01,152.9,25.6,Gillnet,"Thompson, Cobb and Baker",Near read support enter finish represent.
Mystus tengara,21.538091,91.811221,2025-03-20,291,792.52,64.5,23.5,Purse Seine,"King, Richardson and Clark",Necessary require price friend.
Sardinella longiceps,30.393233,85.286612,2025-07-03,154,157.93,14.2,18.2,Cast Net,"Harrison, Marshall and Weeks",Available television store plant career school election.
Tenualosa ilisha,7.80858,75.16828,2023-02-06,252,274.54,132.4,20.7,Hook and Line,"Miller, Cook and Gordon",It million should.
Sardinella longiceps,9.746356,86.316587,2024-05-26,71,43.2,45.1,23.9,Purse Seine,Bryant-Moyer,Common similar news within.
Labeo rohita,16.154307,70.73161,2024-09-28,258,579.3,130.6,23.0,Trawl,Walker-Bauer,Agency program sea service for line much light.
Catla catla,23.576282,93.529529,2023-07-01,164,116.88,54.5,31.4,Cast Net,Reyes PLC,Create mission south prepare.
Catla catla,36.69834,89.087143,2024-07-24,246,949.95,133.5,25.8,Gillnet,Matthews PLC,Movie political avoid other us.
Clarias batrachus,28.224605,95.236051,2025-08-07,179,356.37,120.6,19.1,Hook and Line,"Robertson, Moore and Schultz",Wind young other evidence area son.
Pangasius pangasius,35.47075,81.971202,2024-06-25,111,175.02,108.4,30.9,Gillnet,Montgomery-James,Itself argue big system later process speech half.
Clarias batrachus,11.252933,73.887015,2022-09-22,6,8.83,176.9,27.6,Hook and Line,"Thompson, Rivera and Castro",Floor sound pattern well.
Labeo rohita,6.473734,83.614422,2023-09-20,261,122.59,164.0,29.3,Cast Net,"Wallace, Torres and Pierce",Force air true local field none.
Nemipterus japonicus,15.91553,96.302371,2023-07-06,265,893.88,77.5,20.9,Gillnet,"Duran, Barrett and Owens",Choice ok institution until subject later public sing.
Scomberomorus guttatus,10.599011,78.108706,2025-08-19,214,713.88,136.3,18.7,Cast Net,Webster Ltd,Before simple fund water surface shoulder.
Clarias batrachus,35.832049,77.480265,2023-02-18,293,1189.08,157.0,18.3,Trawl,Rogers Group,Ability center analysis age what.
Pangasius pangasius,21.864681,72.121729,2022-11-08,152,513.87,110.3,29.4,Trawl,"Harris, Boyd and Buck",Human floor season recognize somebody dark.
Tenualosa ilisha,27.885883,72.014703,2025-05-16,86,365.73,191.1,21.6,Purse Seine,Vaughn-Dennis,Foreign value protect help.
Scomberomorus guttatus,29.639765,89.105681,2023-06-25,223,920.35,64.6,22.4,Cast Net,Williams PLC,Include big medical garden government.
Sardinella longiceps,31.979482,95.186304,2024-11-08,56,40.4,113.0,26.4,Cast Net,"Carrillo, Collier and Boyle",Without feel American past.
Scomberomorus guttatus,17.630562,71.128873,2024-02-05,8,23.07,16.3,23.0,Gillnet,Lee-Ortiz,Among politics cultural director those sometimes order.
Nemipterus japonicus,11.945426,76.465659,2023-04-05,255,209.98,95.4,22.4,Hook and Line,Farmer-Young,Director door history carry.
Mystus tengara,28.760019,91.453707,2022-10-15,44,29.97,179.4,30.6,Purse Seine,Wilkins-Walker,Top water own its visit.
Nemipterus japonicus,17.508629,74.146346,2023-01-03,91,137.06,66.9,23.0,Trawl,Trujillo Ltd,A memory newspaper experience.
Pangasius pangasius,11.973372,94.455656,2024-02-17,267,1132.86,52.9,30.3,Trawl,Mcguire-Jones,Attorney always guess small walk call.
Nemipterus japonicus,27.007386,93.042211,2024-07-30,104,442.11,39.4,21.3,Cast Net,Carlson-Rivera,Report sometimes enjoy land.
Catla catla,8.221228,85.088963,2023-05-15,191,92.82,135.9,25.3,Cast Net,White-Miles,Case challenge hand reason.
Catla catla,17.066018,73.293915,2023-07-23,158,625.41,74.0,20.4,Gillnet,"Leon, Chapman and Olson",Practice civil when financial.
Mystus tengara,32.412262,92.073561,2024-02-20,197,656.08,184.0,31.5,Hook and Line,Thompson-Wright,Thus situation herself prove half.
Clarias batrachus,36.874401,78.368292,2024-04-27,77,227.82,53.8,24.9,Purse Seine,"Krause, Steele and Little",Go message attorney social think win.
Sardinella longiceps,7.173538,74.431306,2024-05-08,152,670.96,44.1,21.8,Hook and Line,"Thomas, Le and Goodman",Central space perhaps then.
Pangasius pangasius,25.690841,93.881189,2024-02-03,135,489.72,179.8,29.4,Trawl,Peterson LLC,Leg southern again each.
Pangasius pangasius,8.70906,68.827473,2025-03-03,204,439.16,39.6,19.0,Cast Net,"Morrison, Baker and Johnson",Call item for parent moment.
Tenualosa ilisha,7.329385,92.980613,2023-01-25,285,63.81,128.5,19.1,Purse Seine,Herrera LLC,Outside hand bill phone.
Labeo rohita,31.244365,90.498232,2025-05-10,221,205.04,189.7,20.1,Gillnet,Walters-Adams,Gun investment way eat.
Pangasius pangasius,28.86721,79.591735,2024-06-21,124,165.3,183.7,30.6,Trawl,Anderson-Fuentes,Away film government improve outside identify.
Clarias batrachus,13.419701,77.053555,2023-10-18,26,22.08,122.9,29.4,Cast Net,"Zavala, Williams and Gilbert",All I avoid I happen choice big.
Clarias batrachus,24.415732,78.40912,2023-03-22,78,60.43,32.5,18.4,Trawl,Moore PLC,Avoid stuff close common huge.
Tenualosa ilisha,6.598099,94.439411,2025-07-28,189,506.5,7.1,28.1,Purse Seine,"Hawkins, Mccarthy and Hamilton",Deal painting among.
Catla catla,13.617923,88.469459,2024-09-06,65,274.41,70.5,31.5,Hook and Line,Kelly and Sons,Assume order fear long truth seven effort.
Penaeus monodon,30.780829,92.152672,2024-03-05,245,275.34,32.1,26.6,Gillnet,"Case, Richardson and Navarro",Miss contain several strategy agree none.
Labeo rohita,22.036481,91.265399,2024-09-03,78,53.63,52.8,24.2,Gillnet,"Johnson, Hopkins and Shields",Measure professor job however course condition.
Mystus tengara,26.029576,84.573925,2025-06-17,208,348.25,17.9,31.9,Cast Net,Park-Holmes,Fly each since thousand story.
Scomberomorus guttatus,7.62908,71.043509,2024-02-05,134,468.28,43.2,24.7,Hook and Line,Quinn LLC,Commercial recently join particularly.
Pangasius pangasius,33.78095,83.311537,2023-05-09,110,79.22,146.5,20.0,Hook and Line,"Mckenzie, Mosley and Guerrero",Shake million face represent rich late cultural.
Scomberomorus guttatus,14.896703,74.548994,2024-03-22,288,796.59,114.5,31.7,Trawl,"Hayes, Cross and Livingston",Lay born notice decade I certain suffer.
Mystus tengara,31.233862,78.589563,2023-07-29,74,340.3,105.7,18.6,Trawl,Wade PLC,Respond show box check staff this.
Tenualosa ilisha,8.417225,83.172107,2024-01-06,41,88.2,187.1,20.8,Purse Seine,"Davis, Joyce and Porter",Order where several occur decision instead.
Scomberomorus guttatus,26.644651,70.073454,2022-11-22,75,261.73,148.7,26.3,Cast Net,Sanchez-Wright,They join build father clear.
Catla catla,8.509434,87.296477,2025-03-01,156,599.2,93.6,20.8,Gillnet,Rivera LLC,Set open attack spring carry team.
Nemipterus japonicus,11.525072,73.169579,2022-11-17,296,517.57,148.3,21.4,Hook and Line,Marquez-Williamson,Individual begin music crime movie.
Tenualosa ilisha,16.364754,88.236831,2024-02-08,259,513.97,137.0,29.8,Purse Seine,English LLC,Necessary get it nation.
Nemipterus japonicus,20.46471,75.830789,2025-02-13,116,180.9,119.9,26.4,Gillnet,Long-Mitchell,Believe force wonder set organization.
Catla catla,36.860419,94.052585,2024-11-26,111,545.81,25.1,20.0,Purse Seine,Williams-Cruz,Dark oil production.
Sardinella longiceps,16.321953,77.467468,2024-03-06,200,733.12,189.1,29.0,Purse Seine,"Thomas, Myers and Singh",Hit southern role letter treat get learn.
Tenualosa ilisha,27.210805,90.551849,2024-12-05,120,305.41,172.3,27.7,Trawl,Morton and Sons,Eye full exactly receive student give he.
Nemipterus japonicus,9.966722,91.597337,2023-06-19,245,1172.02,193.5,20.2,Gillnet,Scott and Sons,Fight reach American official her.
Sardinella longiceps,26.717235,86.287755,2024-12-26,260,408.19,20.5,25.3,Cast Net,Duran-Ellis,Condition hard put.
Penaeus monodon,23.327069,96.153745,2025-03-24,276,414.35,96.6,29.8,Gillnet,Escobar-Schroeder,Mr phone fight their window close attention.
Sardinella longiceps,26.174054,79.8712,2024-05-03,195,223.27,45.9,19.6,Hook and Line,"Gardner, Dyer and Austin",Finish cell radio rise assume.
Clarias batrachus,26.237471,69.951604,2025-04-30,295,958.85,162.8,23.6,Cast Net,May Group,Former cover everything strategy way war.
Penaeus monodon,7.569535,87.305818,2023-07-27,126,226.27,107.6,31.0,Cast Net,Greer Group,Song network ever program.
Tenualosa ilisha,35.720469,82.319283,2025-04-27,65,183.11,45.1,20.6,Cast Net,"Hancock, Brown and Peters",Food air cover through eat opportunity environmental.
Sardinella longiceps,35.356061,70.928391,2025-05-28,198,813.43,133.5,26.8,Purse Seine,Sanford LLC,Traditional want keep good billion so final.
Clarias batrachus,24.952317,96.055051,2023-08-31,113,161.73,199.4,31.3,Cast Net,"Holland, Dickerson and Harris",Movement address environmental often.
Nemipterus japonicus,8.35914,76.643303,2024-06-17,66,63.61,134.0,29.9,Gillnet,Alvarez PLC,Family my across.
Scomberomorus guttatus,34.327167,69.342233,2025-07-22,188,212.3,116.2,21.3,Cast Net,Garcia PLC,Worker including history institution participant source win.
Catla catla,13.704812,94.641259,2023-10-23,144,507.26,26.6,25.8,Purse Seine,Cameron Ltd,Food money within catch level.
Nemipterus japonicus,23.451571,82.042843,2024-10-02,1,3.7,34.8,25.9,Hook and Line,Jones-Henderson,Nothing bag nation nation community radio trouble only.
Penaeus monodon,6.430598,81.325115,2025-04-28,58,140.76,44.1,18.1,Trawl,"Ramirez, Shaw and Kelly",North specific trade part officer boy artist.
Nemipterus japonicus,25.352264,83.940965,2023-09-05,144,563.09,6.1,24.4,Cast Net,Castaneda Group,Race officer view example.
Clarias batrachus,20.880763,87.506602,2022-11-21,164,355.99,25.2,20.0,Purse Seine,Jackson-Shaw,Tell moment occur stage.
Nemipterus japonicus,32.226668,85.01329,2025-04-07,135,199.4,104.3,23.5,Cast Net,"Green, Brown and Rice",Early everybody example example ten probably.
Mystus tengara,10.335134,85.86885,2024-12-11,25,7.43,86.8,31.1,Hook and Line,Brennan Group,World attention individual everyone someone range.
Scomberomorus guttatus,8.67183,94.613397,2023-07-19,201,878.78,55.1,25.7,Gillnet,"Patrick, Murray and Miller",Hair lose entire job support.
Nemipterus japonicus,24.432564,95.457097,2024-12-21,289,407.75,196.5,22.1,Trawl,Reid-Dennis,Hospital pass discussion cause.
Labeo rohita,10.091842,82.538286,2025-08-30,30,110.42,63.7,29.9,Trawl,Russell Group,Clearly news third reach shoulder boy few.
Nemipterus japonicus,17.324295,71.969093,2024-07-18,54,101.71,49.8,30.7,Purse Seine,Hendrix-Maynard,Myself radio me hit would.
Tenualosa ilisha,35.248723,77.404752,2024-10-23,13,51.01,97.1,23.4,Trawl,"Gardner, Kelly and Hurst",Mouth shoulder feeling pattern.
Labeo rohita,29.488376,72.767412,2024-01-12,8,36.34,66.6,29.6,Cast Net,"Hansen, Patterson and Schmidt",Oil blood authority student people.
Penaeus monodon,32.191633,83.583194,2025-07-12,255,527.27,186.5,30.7,Cast Net,Harrison-Sweeney,Enter after forward now.
Nemipterus japonicus,29.97316,78.888089,2024-12-20,294,1398.6,144.3,23.1,Cast Net,Kramer-Maldonado,Particularly watch charge.
Sardinella longiceps,24.704719,71.523637,2023-04-05,142,210.49,180.9,22.7,Hook and Line,Washington Inc,Paper kid evidence make if care treatment.
Catla catla,34.446597,91.04682,2023-06-26,291,1145.45,91.4,18.4,Cast Net,Lewis-Gibson,Today little culture maintain education to.
Clarias batrachus,19.520862,79.036148,2024-09-13,222,291.97,89.3,30.1,Gillnet,Willis Ltd,Kid person bit view someone common.
Catla catla,35.366664,76.009278,2025-03-13,57,70.87,142.5,30.4,Hook and Line,Patton Inc,Sell start green five.
Clarias batrachus,10.676641,79.054748,2023-09-13,186,72.62,185.3,30.3,Trawl,Gilbert-Goodman,Behind everything state health pick rich wide.
Penaeus monodon,6.209253,81.625918,2024-02-04,269,458.34,148.3,31.3,Hook and Line,Riley and Sons,Because training interview rich prepare next.
Sardinella longiceps,11.160716,69.752363,2024-08-16,244,429.28,119.8,28.9,Purse Seine,Brady-Roberts,Investment coach than baby.
Nemipterus japonicus,8.324138,81.742466,2023-11-04,239,893.09,144.5,22.1,Purse Seine,Fisher-Chen,General war his environment protect.
Penaeus monodon,12.456777,93.914755,2022-11-04,170,188.87,73.9,31.7,Trawl,"Bass, Williams and Larson",Bad offer reflect business sometimes store possible.
Nemipterus japonicus,27.841644,75.163901,2024-10-15,29,132.96,8.9,21.4,Cast Net,"Smith, Wheeler and Downs",Lawyer them past music.
Nemipterus japonicus,28.845008,72.982687,2023-04-20,205,238.9,33.9,30.1,Cast Net,Leonard-Horton,Contain senior page force partner throw public.
Mystus tengara,25.900411,96.595417,2024-04-05,266,264.13,114.9,19.0,Gillnet,Peck-Matthews,Four single several including popular administration approach.
Catla catla,24.533817,86.261602,2024-02-16,63,284.87,141.7,18.3,Gillnet,Hicks Ltd,Employee happy difficult lawyer me computer.
Catla catla,21.668628,74.397419,2023-06-26,40,33.61,179.2,25.3,Hook and Line,"Garza, Holt and Wood",Anything Democrat serious major.
Pangasius pangasius,15.850809,68.147166,2023-03-09,55,20.13,177.4,24.7,Gillnet,Greer-Williams,Might on Mrs whether pretty.
Pangasius pangasius,12.14363,74.894872,2023-04-18,255,953.4,148.5,25.7,Cast Net,Bates-Torres,Former ago measure focus talk large.
Labeo rohita,19.514247,87.21089,2023-07-30,200,441.14,119.5,21.1,Cast Net,Dudley PLC,Style wall music boy.
Mystus tengara,20.528793,86.793092,2025-04-26,3,2.73,119.0,22.5,Gillnet,"Smith, Hinton and Harvey",Improve me perform.
Penaeus monodon,36.389097,73.689287,2025-07-06,274,652.26,57.8,25.4,Hook and Line,Gibbs LLC,Image join him shake.
Mystus tengara,12.312885,70.979189,2025-01-05,134,269.98,87.3,20.9,Hook and Line,"Haynes, Dunlap and Fitzpatrick",When Mr bring statement low religious something.
Scomberomorus guttatus,22.983975,78.413395,2023-10-29,159,184.35,179.1,27.5,Hook and Line,Knight-Jackson,Find position common indicate account great also.
Penaeus monodon,34.156584,74.264064,2024-11-25,164,72.23,117.8,31.4,Hook and Line,Marsh and Sons,Or because not.
Labeo rohita,36.221291,84.34534,2024-08-07,171,693.11,151.1,31.6,Gillnet,Campbell Inc,Education similar vote television.
Tenualosa ilisha,7.758676,86.137155,2024-12-03,222,582.9,171.0,23.7,Hook and Line,Sullivan-Wade,Maybe room return local.
Mystus tengara,31.804259,69.444798,2025-06-26,96,82.49,43.6,19.9,Cast Net,"Deleon, Cruz and Harris",Effect situation hope.
Pangasius pangasius,33.710691,77.001456,2022-11-20,231,224.29,165.7,29.0,Cast Net,"Kline, Nelson and Nelson",Fact people pressure past training down.
Nemipterus japonicus,10.367366,82.150643,2024-09-05,22,39.32,91.1,20.5,Trawl,Clark Inc,Drug section today box ago.
Mystus tengara,32.920506,83.492461,2025-06-02,184,139.91,180.1,29.5,Hook and Line,Sanders-Mcbride,Partner often Democrat during draw wait evidence.
Pangasius pangasius,30.46896,79.604216,2023-10-19,278,424.63,144.6,26.8,Cast Net,Hunter-Lee,Whose can myself statement executive.
Penaeus monodon,30.599677,68.121087,2023-06-02,151,171.58,74.6,20.5,Cast Net,Fisher LLC,Audience maybe as heavy mention most.
Pangasius pangasius,19.510976,76.505694,2025-08-20,277,331.2,95.6,29.7,Cast Net,Williams-Moody,Bar heart late meet guess.
Nemipterus japonicus,35.335212,84.620651,2023-09-26,155,674.73,70.4,30.9,Cast Net,Valencia-Bennett,Bad spend it generation threat beat effect.
Mystus tengara,23.563371,68.653923,2023-02-12,221,779.47,163.9,19.1,Trawl,Rivera PLC,Believe story environment power.
Nemipterus japonicus,23.000859,96.5385,2023-04-23,127,408.0,135.4,26.3,Cast Net,Burns Ltd,Entire full market show whom read understand.
Scomberomorus guttatus,34.046728,81.284654,2025-02-10,20,91.4,86.3,19.2,Hook and Line,"Hernandez, Blair and Williams",Report little necessary Congress Mrs.
Pangasius pangasius,35.494334,76.138985,2024-09-28,268,167.44,130.5,26.0,Hook and Line,Williams-Lambert,Court capital hard table seem.
Pangasius pangasius,13.296343,69.676343,2023-12-05,285,1340.51,125.4,27.5,Trawl,Sandoval-Pierce,The affect affect radio person owner step information.
Clarias batrachus,17.698584,91.940721,2024-06-03,7,12.37,31.7,21.8,Purse Seine,"Contreras, Parks and Edwards",Six however else threat with magazine.
Labeo rohita,10.621762,91.486982,2023-11-03,212,80.1,101.1,25.8,Cast Net,"Blake, Heath and Sanchez",Suffer as white up important huge.
Penaeus monodon,8.207906,90.61183,2024-07-19,46,146.71,182.4,23.2,Purse Seine,"Chavez, Thomas and Allen",Start author necessary one cell TV.
Labeo rohita,29.99741,95.793494,2025-09-03,192,823.11,136.2,30.5,Purse Seine,Obrien Inc,If myself even social sure personal.
Tenualosa ilisha,20.002647,68.442013,2024-04-18,88,219.63,59.5,30.4,Hook and Line,Johnston Group,Open production prove early local small along nearly.
Nemipterus japonicus,25.603334,68.923739,2024-12-21,214,285.07,142.1,25.9,Trawl,Alvarado and Sons,Attorney day happen price form very.
Tenualosa ilisha,23.951199,78.134436,2022-11-20,137,677.27,195.0,20.9,Gillnet,Walker-Valencia,Rise not detail PM face decade.
Pangasius pangasius,6.185925,87.481271,2025-05-20,181,817.5,52.4,22.2,Trawl,Ramirez-Ruiz,Stop anyone fall development local store.
Tenualosa ilisha,21.208967,90.122102,2025-07-09,47,208.93,112.7,20.2,Trawl,Savage Inc,According left final decision base power.
Labeo rohita,23.870072,80.726454,2023-08-03,274,144.26,110.6,19.0,Purse Seine,Ramirez-Washington,Water painting staff article moment member.
Tenualosa ilisha,7.252558,82.477804,2024-01-13,274,271.45,186.6,31.8,Hook and Line,"Stanley, Perez and Aguirre",Administration law effort actually.
Nemipterus japonicus,25.729282,96.298853,2025-03-26,242,354.55,106.7,22.0,Trawl,"Kelly, Baker and Ward",Significant least onto yeah American perform.
Catla catla,16.157797,81.899994,2025-01-03,4,15.77,166.1,18.2,Hook and Line,Hughes and Sons,Right show present happy building.
Clarias batrachus,21.751795,87.729013,2024-11-01,288,502.81,83.4,24.5,Cast Net,"Villanueva, Lewis and Hoover",Plant open new down.
Labeo rohita,22.58165,90.009463,2023-04-16,280,917.71,191.1,28.4,Hook and Line,Gill PLC,Remember break town increase.
Nemipterus japonicus,28.112173,73.714905,2024-01-02,24,87.93,160.4,21.7,Trawl,Martinez-Fritz,Sell allow show.
Penaeus monodon,11.459619,87.73256,2024-12-09,170,392.45,169.3,25.4,Hook and Line,Malone-Patterson,Sea imagine probably base between huge firm.
Nemipterus japonicus,18.944086,70.256364,2024-01-23,7,10.37,115.9,26.6,Cast Net,"Hodges, Morgan and Martin",Account reveal generation you throw.
Pangasius pangasius,12.86202,73.262822,2025-06-09,178,763.65,169.9,21.1,Cast Net,Schwartz LLC,Fly official tell nothing model for education.
Nemipterus japonicus,26.900395,81.80072,2024-05-05,120,381.7,53.0,28.3,Gillnet,Taylor LLC,Religious herself professional raise consider care with.
Catla catla,30.486179,75.705822,2025-06-04,63,8.06,144.0,25.9,Purse Seine,"Park, Powell and Mendez",Fall have seek wrong wrong.
Tenualosa ilisha,30.987884,79.44343,2025-04-22,152,676.01,199.8,25.6,Gillnet,Torres LLC,Never east growth party suggest blood.
Labeo rohita,24.581208,87.842805,2022-11-26,71,149.92,145.4,28.3,Hook and Line,Brown-Houston,Under society bar admit.
Penaeus monodon,32.623656,79.61332,2023-05-27,61,206.05,19.0,24.1,Hook and Line,Marquez-Lowe,Test school it.
Clarias batrachus,10.493319,95.976215,2023-01-22,14,34.59,21.2,23.6,Cast Net,Ramirez Group,Box many today technology resource notice.
Labeo rohita,6.310234,70.470526,2024-08-09,86,325.56,122.1,31.2,Trawl,Martinez PLC,Raise move beat add operation.
Nemipterus japonicus,17.98668,78.339304,2025-08-01,46,95.94,26.0,24.8,Gillnet,Farmer LLC,Third paper responsibility think serve he design three.
Clarias batrachus,27.751877,92.920462,2024-01-06,87,98.93,3.1,21.0,Hook and Line,Patterson and Sons,Interest PM will long do evidence stop.
Pangasius pangasius,6.811816,82.729341,2025-04-02,118,279.55,161.2,29.2,Trawl,Cunningham Ltd,Those blood however part life.
Penaeus monodon,11.687593,84.050989,2025-04-25,151,194.78,143.0,21.4,Purse Seine,"Pitts, Zuniga and Morse",Situation cut around address such military major important.
Nemipterus japonicus,20.232652,71.373944,2024-01-20,139,160.29,93.3,30.7,Gillnet,Horne-Moore,Else several a area first.
Scomberomorus guttatus,32.841742,72.202513,2023-07-30,11,11.28,116.7,22.8,Cast Net,Andrews Group,Seat social likely cause.
Tenualosa ilisha,33.143832,78.620542,2025-03-02,202,48.64,184.9,29.0,Purse Seine,Taylor Ltd,Serve stand ok owner way.
Penaeus monodon,10.314804,77.668327,2022-11-09,270,1076.96,143.5,22.9,Cast Net,Cannon-Brooks,Argue glass pass respond far real.
Sardinella longiceps,33.665239,94.125783,2023-03-08,38,172.28,54.7,25.1,Trawl,"Hill, Shepherd and Pierce",Perform deep these save billion action.
Catla catla,20.796456,89.54741,2025-03-29,259,404.91,99.8,18.6,Cast Net,"Jones, Lee and Henderson",Anyone time item agreement inside talk board.
Tenualosa ilisha,15.868542,93.231643,2023-06-02,244,760.94,153.9,27.3,Cast Net,"Sanchez, Richardson and Lewis",Agree message hard summer prevent many environment.
Mystus tengara,10.094548,91.638237,2025-03-30,2,0.38,172.0,25.8,Gillnet,Lawson Ltd,Fire break give partner.
Sardinella longiceps,12.471829,73.090516,2024-06-05,277,719.94,78.1,27.7,Cast Net,Holden and Sons,To effect feel sell fall tend buy drug.
Mystus tengara,15.363577,81.795468,2023-03-02,230,1040.16,181.2,31.6,Purse Seine,"Bridges, Atkins and Greene",Fill green girl gas level.
Labeo rohita,23.365876,73.866589,2023-10-13,215,723.14,161.6,28.7,Trawl,Snow Group,Across true I.
Clarias batrachus,31.335979,87.770574,2024-08-13,245,1127.93,6.8,26.8,Cast Net,"Rodgers, Wright and Garrett",Foot enjoy agency prove return edge.
Scomberomorus guttatus,19.272906,91.08703,2024-04-09,236,850.8,146.4,24.0,Hook and Line,"Lindsey, Allen and Williams",Throughout spring point civil respond reality.
Clarias batrachus,10.389173,71.281587,2023-05-03,155,395.64,196.0,20.1,Cast Net,Gaines and Sons,At behavior beat difference.
Pangasius pangasius,30.018954,88.275635,2024-09-06,191,809.17,73.1,31.9,Cast Net,Hayes LLC,Meet among behavior again available because.
Pangasius pangasius,19.770865,82.087404,2022-12-06,243,278.72,66.7,24.3,Hook and Line,"Pena, Preston and Walter",Discuss sort certainly wish international approach.
Scomberomorus guttatus,23.318967,77.054424,2023-03-14,260,976.73,57.0,21.7,Hook and Line,"Moon, Brown and Kim",Anything time might even million catch result mention.
Pangasius pangasius,8.066741,94.125746,2023-12-03,55,108.09,81.1,18.9,Cast Net,Hill Group,Tough benefit bed add environmental create card.
Penaeus monodon,7.442616,93.703898,2024-02-05,131,365.61,169.1,19.4,Gillnet,"Carter, Norris and Walsh",Market fear behind security life.
Pangasius pangasius,20.608717,84.902099,2025-01-03,98,215.73,34.3,27.2,Purse Seine,Scott Group,Young instead never list thought wear.
Clarias batrachus,36.787886,91.261369,2025-03-23,19,65.05,90.2,31.4,Purse Seine,"Jackson, Avery and Miller",Song expert trouble threat west bar.
Penaeus monodon,10.541939,76.870125,2025-06-09,63,14.16,100.1,30.5,Gillnet,Jenkins-Becker,Newspaper relationship until rest.
Mystus tengara,31.478429,92.945297,2022-12-05,37,91.67,139.7,21.0,Gillnet,"Fields, Chavez and York",Trip popular strong too radio themselves simply.
Nemipterus japonicus,6.471124,75.294688,2025-06-23,16,53.65,140.1,29.8,Trawl,Morgan Inc,Drive our because one fill green what.
Catla catla,20.503559,81.119915,2023-06-06,178,322.82,46.7,29.9,Trawl,White PLC,Good life billion save.
Nemipterus japonicus,25.467283,80.377324,2023-12-14,244,156.11,32.2,23.0,Gillnet,"Keller, Phillips and Chavez",Day vote organization wide those.
Clarias batrachus,15.058475,95.689692,2025-03-25,285,407.47,191.8,28.9,Purse Seine,Rodriguez Inc,Resource then second behind civil.
Catla catla,15.670143,85.989551,2024-01-17,153,635.53,51.3,24.6,Gillnet,Day Group,Care third form address concern drive.
Scomberomorus guttatus,22.795462,81.179543,2022-10-13,21,88.07,185.9,27.9,Purse Seine,"Smith, Palmer and Bennett",Paper will month tell else what.
Labeo rohita,11.984389,84.962605,2025-03-11,284,528.51,9.1,21.3,Cast Net,"Miller, Morgan and Sullivan",Wonder turn professor tough lose writer ready.
Labeo rohita,30.157087,70.436293,2023-04-09,22,37.1,10.1,19.7,Hook and Line,Lawson-Watkins,Institution fight the however like direction which.
Scomberomorus guttatus,27.216195,95.691476,2023-08-10,262,965.46,196.1,29.3,Purse Seine,Wilson Ltd,Fund stuff poor administration from yeah no.
Penaeus monodon,24.739517,76.153856,2024-05-06,242,1173.63,117.1,18.6,Purse Seine,"Fields, Foster and Cooper",Song raise language visit on however cup radio.
Penaeus monodon,32.17066,96.614718,2023-11-03,73,118.22,122.0,21.7,Cast Net,Williams and Sons,Inside certain save after center bring.
Penaeus monodon,9.612321,68.720067,2023-01-19,159,749.38,102.0,23.8,Gillnet,White PLC,Recently focus develop child against nearly.
Mystus tengara,30.459646,69.024275,2022-11-27,66,48.68,196.4,20.9,Trawl,Camacho-Hopkins,Address hundred call call.
Clarias batrachus,6.720667,75.177112,2022-10-01,168,722.95,187.1,25.0,Cast Net,Hatfield Inc,Four spend eight himself ability.
Clarias batrachus,33.84375,88.391547,2023-09-13,22,89.45,193.8,25.0,Cast Net,Ruiz PLC,Start stop property assume.
Labeo rohita,29.895794,74.266761,2023-09-15,134,322.6,121.7,26.9,Trawl,Pacheco-Kim,Despite PM probably challenge set.
Mystus tengara,8.915248,86.245788,2024-06-23,80,297.81,51.6,27.4,Purse Seine,"Mcdowell, Williams and Davis",Him sport woman if president it relate.
Pangasius pangasius,22.172018,93.593155,2024-02-03,67,91.29,113.9,31.3,Hook and Line,Hobbs-Phillips,Something drug stock fly catch.
Nemipterus japonicus,19.835238,76.36272,2025-08-03,136,74.25,101.1,28.7,Trawl,Cardenas Inc,Medical practice by government amount central stay.
Pangasius pangasius,9.512256,92.666544,2024-11-22,101,395.68,119.5,29.7,Cast Net,"Williams, Macdonald and Parrish",Religious little tree effort.
Mystus tengara,27.254369,76.04285,2023-07-28,89,282.08,159.0,18.2,Cast Net,"Gordon, Lewis and Friedman",Finally surface east suddenly behind arm.
