catch_id,vessel_id,species_scientific_name,latitude,longitude,catch_date,quantity,weight_kg,depth_m,water_temperature,fishing_method,vessel_name,notes,location_name
CATCH0001,VSL0001,Scomberomorus commerson,27.225573,80.877233,2020-09-09,73,124.137,54,29.15,Gillnet,Kadal Vazhakku,,Andaman Sea
CATCH0002,VSL0002,Pristipomoides filamentosus,35.056446,90.806329,2019-10-18,46,184.827,28,22.96,Longline,Sea Voyager,,Off Visakhapatnam (Andhra Pradesh)
CATCH0003,VSL0003,Penaeus indicus,27.592453,69.982269,2019-12-29,112,140.031,93,23.03,Trawl,MV Sea Pearl,,Off Chennai (Tamil Nadu)
CATCH0004,VSL0004,Pristipomoides filamentosus,32.362982,79.120333,2018-07-30,68,515.051,62,27.96,Trawl,FV Shakti,,Off Mumbai (Maharashtra)
CATCH0005,VSL0005,Penaeus indicus,14.19597,71.341143,2019-06-22,35,202.137,40,16.6,Trap,Kadal Vazhakku,,Off Paradip (Odisha)
CATCH0006,VSL0006,Carcharhinus sorrah,35.225153,87.470341,2022-08-30,101,162.729,123,29.71,Gillnet,FV Shakti,,Off Mumbai (Maharashtra)
CATCH0007,VSL0007,Pristipomoides filamentosus,28.547898,93.200988,2018-07-01,82,583.652,110,25.21,Longline,Annapurna,,Off Paradip (Odisha)
CATCH0008,VSL0008,Trichiurus lepturus,,,2019-01-12,115,794.207,109,18.02,Purse Seine,Oceanic Star,ANOMALY: invalid coordinates,Off Pondicherry
CATCH0009,VSL0009,Sphyraena obtusata,14.005572,96.910072,2024-08-14,12,43.75,100,25.08,Trawl,Sea Voyager,,Andaman Sea
CATCH0010,VSL0010,Megalaspis cordyla,20.495479,70.168124,2023-03-16,14,73.469,19,18.23,Purse Seine,Oceanic Star,,Off Visakhapatnam (Andhra Pradesh)
CATCH0011,VSL0011,Sardinella longiceps,18.44453,91.548782,2023-06-19,42,16.883,33,16.87,Trawl,Annapurna,,Off Pondicherry
CATCH0012,VSL0012,Epinephelus coioides,27.610268,95.422952,2019-11-14,88,320.213,70,27.22,Trawl,Sagar Sampada,,Off Mumbai (Maharashtra)
CATCH0013,VSL0013,Sardinella longiceps,25.244349,94.874692,2025-05-06,86,380.43,87,26.34,Longline,Neelkanth,,Off Mangalore (Karnataka)
CATCH0014,VSL0014,Pristipomoides filamentosus,25.135122,84.807899,2018-08-01,27,74.292,34,21.81,Longline,MV Sea Pearl,,Off Mumbai (Maharashtra)
CATCH0015,VSL0015,Pristipomoides filamentosus,32.434582,79.95456,2021-04-19,49,227.564,1,17.94,Trap,MV Dolphin,,Gulf of Kutch (Gujarat)
CATCH0016,VSL0016,Lates calcarifer,24.374574,86.042294,2020-09-22,25,46.725,38,17.64,Longline,Oceanic Star,,Andaman Sea
CATCH0017,VSL0017,Trichiurus lepturus,16.928145,68.329001,2022-10-08,32,110.805,44,26.51,Longline,Annapurna,,Off Kochi (Kerala)
CATCH0018,VSL0018,Sardinella longiceps,35.421066,88.525131,2020-09-25,78,22.921,53,21.39,Trap,Neelkanth,,Andaman Sea
CATCH0019,VSL0019,Pristipomoides filamentosus,18.007198,83.023422,2024-05-31,80,611.35,62,28.11,Hook and Line,MV Sea Pearl,,Off Chennai (Tamil Nadu)
CATCH0020,VSL0020,Pristipomoides filamentosus,21.442251,76.662653,2020-06-10,32,284.471,41,16.44,Longline,MV Dolphin,,Off Mumbai (Maharashtra)
CATCH0021,VSL0021,Trichiurus lepturus,29.847296,85.941114,2020-12-17,104,785.144,79,29.92,Hook and Line,Neelkanth,,Gulf of Kutch (Gujarat)
CATCH0022,VSL0022,Scomber japonicus,28.030123,93.141486,2024-11-05,92,42.089,2,22.48,Trawl,Neelkanth,,Off Mangalore (Karnataka)
CATCH0023,VSL0023,Carcharhinus sorrah,25.702509,91.288523,2024-09-29,61,59.109,66,18.15,Longline,Sagar Sampada,,Off Visakhapatnam (Andhra Pradesh)
CATCH0024,VSL0024,Scylla serrata,23.779287,95.902076,2021-10-31,108,605.299,41,18.15,Gillnet,Kadal Vazhakku,,Off Visakhapatnam (Andhra Pradesh)
CATCH0025,VSL0025,Sardinella longiceps,15.120771,96.085784,2018-10-10,81,152.746,77,18.59,Trawl,MV Dolphin,,Andaman Sea
CATCH0026,VSL0026,Lates calcarifer,16.97536,82.29883,2020-03-30,23,151.807,114,21.79,Trap,MV Dolphin,,Off Mumbai (Maharashtra)
CATCH0027,VSL0027,Scomber japonicus,23.494876,74.48764,2018-02-08,99,226.966,7,22.36,Trap,MV Dolphin,,Off Kolkata (West Bengal)
CATCH0028,VSL0028,Mugil cephalus,26.080121,78.722573,2024-07-06,111,709.559,93,28.01,Purse Seine,MV Sea Pearl,,Off Kochi (Kerala)
CATCH0029,VSL0029,Carcharhinus sorrah,23.061007,69.333768,2018-09-01,64,374.047,3,25.73,Hook and Line,Kadal Vazhakku,,Gulf of Kutch (Gujarat)
CATCH0030,VSL0030,Rastrelliger kanagurta,6.817683,89.95308,2019-05-22,98,152.1,18,18.3,Longline,Sea Voyager,,Off Mumbai (Maharashtra)
CATCH0031,VSL0031,Penaeus indicus,28.945992,79.811475,2022-12-07,6,25.289,41,27.45,Trawl,Neelkanth,,Off Chennai (Tamil Nadu)
CATCH0032,VSL0032,Epinephelus coioides,22.42555,69.405523,2020-06-17,90,549.193,12,25.07,Hook and Line,Sea Voyager,,Off Visakhapatnam (Andhra Pradesh)
CATCH0033,VSL0033,Trichiurus lepturus,26.09987,94.422201,2022-09-08,99,161.374,102,19.21,Gillnet,MV Sea Pearl,,Off Paradip (Odisha)
CATCH0034,VSL0034,Megalaspis cordyla,18.06095,70.390124,2025-09-16,12,106.147,45,26.71,Purse Seine,MV Dolphin,,Off Paradip (Odisha)
CATCH0035,VSL0035,Penaeus indicus,17.42666,86.456633,2018-08-04,105,496.126,49,28.49,Trawl,Kadal Vazhakku,,Off Mangalore (Karnataka)
CATCH0036,VSL0036,Mugil cephalus,32.292145,75.606968,2018-03-11,33,63.294,79,29.78,Purse Seine,Annapurna,,Off Kolkata (West Bengal)
CATCH0037,VSL0037,Nemipterus japonicus,11.221333,77.51625,2023-07-12,49,394.521,103,17.66,Gillnet,Sagar Sampada,,Gulf of Kutch (Gujarat)
CATCH0038,VSL0038,Epinephelus coioides,31.738673,77.450539,2024-06-17,76,518.727,61,24.25,Trawl,Annapurna,,Off Visakhapatnam (Andhra Pradesh)
CATCH0039,VSL0039,Pristipomoides filamentosus,24.903505,90.580519,2024-10-05,42,86.073,62,18.3,Longline,Sagar Sampada,,Off Visakhapatnam (Andhra Pradesh)
CATCH0040,VSL0040,Epinephelus coioides,25.073841,77.879165,2018-11-06,101,270.806,61,16.15,Purse Seine,FV Lakshmi,,Off Visakhapatnam (Andhra Pradesh)
CATCH0041,VSL0041,Mugil cephalus,22.220733,90.057426,2024-06-16,34,146.773,101,28.67,Longline,MV Sea Pearl,,Andaman Sea
CATCH0042,VSL0042,Sardinella longiceps,31.717441,74.274041,2021-12-27,52,98.626,35,25.68,Longline,Neelkanth,,Off Chennai (Tamil Nadu)
CATCH0043,VSL0043,Sphyraena obtusata,9.708958,80.041888,2019-12-14,115,1010.853,53,16.31,Purse Seine,FV Shakti,,Gulf of Kutch (Gujarat)
CATCH0044,VSL0044,Nemipterus japonicus,31.637912,79.144141,2020-03-30,113,313.641,61,23.27,Longline,Annapurna,,Off Mangalore (Karnataka)
CATCH0045,VSL0045,Scomber japonicus,29.62549,70.573666,2021-02-11,23,153.604,9,23.98,Hook and Line,FV Lakshmi,,Andaman Sea
CATCH0046,VSL0046,Pristipomoides filamentosus,17.478609,92.937734,2020-04-02,77,296.232,33,21.26,Trawl,Sea Voyager,,Gulf of Kutch (Gujarat)
CATCH0047,VSL0047,Sphyraena obtusata,26.7285,81.820299,2024-05-23,52,227.956,43,28.24,Trawl,Neelkanth,,Gulf of Kutch (Gujarat)
CATCH0048,VSL0048,Rastrelliger kanagurta,32.728739,93.983712,2019-09-14,92,327.36,33,24.92,Gillnet,MV Sea Pearl,,Off Paradip (Odisha)
CATCH0049,VSL0049,Sardinella longiceps,27.528594,87.804159,2020-10-29,106,646.158,41,23.64,Gillnet,Kadal Vazhakku,,Off Visakhapatnam (Andhra Pradesh)
CATCH0050,VSL0050,Nemipterus japonicus,27.485255,85.180977,2022-09-09,9,20.386,93,-2.0,Hook and Line,FV Shakti,ANOMALY: extreme water temperature -2.0C,Off Paradip (Odisha)
CATCH0051,VSL0051,Mugil cephalus,20.705746,75.548159,2023-11-10,9,29.477,55,28.54,Trap,Sea Voyager,,Off Kochi (Kerala)
CATCH0052,VSL0052,Sardinella longiceps,8.380969,71.320629,2020-11-27,107,290.688,38,20.97,Gillnet,Oceanic Star,,Off Mangalore (Karnataka)
CATCH0053,VSL0053,Carcharhinus sorrah,,,2019-01-09,42,284.996,56,28.61,Purse Seine,Oceanic Star,ANOMALY: invalid coordinates,Off Kolkata (West Bengal)
CATCH0054,VSL0054,Rastrelliger kanagurta,10.79136,80.463708,2020-06-05,23,52.092,39,27.0,Trap,Oceanic Star,,Off Mangalore (Karnataka)
CATCH0055,VSL0055,Carcharhinus sorrah,20.270016,96.456647,2025-08-25,106,327.226,41,27.73,Purse Seine,Kadal Vazhakku,,Gulf of Kutch (Gujarat)
CATCH0056,VSL0056,Rastrelliger kanagurta,36.117295,79.476841,2022-05-13,100,451.519,95,23.8,Trawl,MV Sea Pearl,,Off Visakhapatnam (Andhra Pradesh)
CATCH0057,VSL0057,Penaeus indicus,12.12008,77.771538,2019-05-13,68,194.536,17,20.68,Trap,Sea Voyager,,Gulf of Kutch (Gujarat)
CATCH0058,VSL0058,Sphyraena obtusata,29.529854,72.455812,2021-04-20,88,620.86,66,26.4,Hook and Line,Neelkanth,,Off Visakhapatnam (Andhra Pradesh)
CATCH0059,VSL0059,Epinephelus coioides,22.504487,85.346008,2024-12-16,120,337.504,77,20.2,Trawl,Oceanic Star,,Off Mumbai (Maharashtra)
CATCH0060,VSL0060,Penaeus indicus,32.850261,97.22068,2020-03-27,110,33.681,68,26.82,Longline,Oceanic Star,,Off Paradip (Odisha)
CATCH0061,VSL0061,Rastrelliger kanagurta,33.430579,94.217897,2019-05-26,29,229.826,37,20.95,Trawl,MV Dolphin,,Off Kolkata (West Bengal)
CATCH0062,VSL0062,Nemipterus japonicus,33.64165,84.616902,2024-07-01,19,140.892,76,23.72,Hook and Line,MV Dolphin,,Gulf of Kutch (Gujarat)
CATCH0063,VSL0063,Mugil cephalus,15.798737,89.457998,2020-12-19,20,11.281,83,23.91,Gillnet,Neelkanth,,Off Kochi (Kerala)
CATCH0064,VSL0064,Sphyraena obtusata,10.08344,76.055285,2018-03-12,93,553.515,1,28.44,Trap,MV Sea Pearl,,Off Mangalore (Karnataka)
CATCH0065,VSL0065,Scomberomorus commerson,13.612876,79.651764,2021-06-27,88,684.354,100,21.9,Hook and Line,MV Sea Pearl,,Off Pondicherry
CATCH0066,VSL0066,Lates calcarifer,35.300244,76.164322,2019-10-10,102,329.018,101,17.3,Longline,Oceanic Star,,Off Kolkata (West Bengal)
CATCH0067,VSL0067,Lates calcarifer,15.034297,74.581298,2019-02-25,18,79.063,44,19.0,Gillnet,MV Dolphin,,Off Chennai (Tamil Nadu)
CATCH0068,VSL0068,Carcharhinus sorrah,16.955914,76.310935,2025-01-31,7,50.101,73,23.08,Gillnet,Sea Voyager,,Andaman Sea
CATCH0069,VSL0069,Scomber japonicus,29.597168,92.551001,2024-01-11,53,65.994,53,20.65,Trawl,MV Dolphin,,Off Paradip (Odisha)
CATCH0070,VSL0070,Mugil cephalus,18.616122,85.614688,2023-01-30,118,658.385,97,27.26,Purse Seine,FV Shakti,,Gulf of Kutch (Gujarat)
CATCH0071,VSL0071,Megalaspis cordyla,36.460963,85.790296,2024-04-28,110,594.99,41,23.14,Purse Seine,Kadal Vazhakku,,Off Mangalore (Karnataka)
CATCH0072,VSL0072,Sphyraena obtusata,28.550058,80.146323,2020-02-03,108,489.922,23,26.36,Hook and Line,Annapurna,,Off Mangalore (Karnataka)
CATCH0073,VSL0073,Lates calcarifer,31.332929,73.189434,2021-07-28,82,388.406,52,25.61,Hook and Line,Neelkanth,,Off Kochi (Kerala)
CATCH0074,VSL0074,Lates calcarifer,22.895115,70.292376,2021-05-31,10,45.868,37,24.19,Trap,Sea Voyager,,Off Kochi (Kerala)
CATCH0075,VSL0075,Sardinella longiceps,32.365203,86.067926,2019-12-24,50,301.258,72,17.31,Gillnet,Neelkanth,,Off Kolkata (West Bengal)
CATCH0076,VSL0076,Scylla serrata,25.559274,79.440881,2023-03-24,64,48.307,78,18.01,Trawl,Sea Voyager,,Gulf of Kutch (Gujarat)
CATCH0077,VSL0077,Scomber japonicus,7.417627,80.422431,2019-01-10,15,-43.819,53,26.85,Trawl,Annapurna,ANOMALY: negative weight recorded,Andaman Sea
CATCH0078,VSL0078,Sphyraena obtusata,14.326907,79.620738,2024-11-01,54,93.413,31,20.47,Gillnet,Oceanic Star,,Off Kochi (Kerala)
CATCH0079,VSL0079,Pristipomoides filamentosus,32.88876,94.544974,2018-06-27,83,273.535,24,19.56,Purse Seine,FV Shakti,,Off Pondicherry
CATCH0080,VSL0080,Sphyraena obtusata,31.025345,88.315139,2022-07-13,20,80.844,37,23.0,Hook and Line,MV Dolphin,,Off Pondicherry
CATCH0081,VSL0081,Sardinella longiceps,16.567325,92.335146,2024-07-02,32,-179.695,99,21.76,Longline,Annapurna,ANOMALY: negative weight recorded,Off Kochi (Kerala)
CATCH0082,VSL0082,Pristipomoides filamentosus,19.471749,72.577352,2022-11-20,51,196.997,89,25.0,Longline,FV Shakti,,Off Paradip (Odisha)
CATCH0083,VSL0083,Mugil cephalus,8.510666,91.713584,2022-04-08,37,236.824,23,22.2,Trap,Annapurna,,Off Paradip (Odisha)
CATCH0084,VSL0084,Scomberomorus commerson,12.154655,89.315653,2025-09-03,19,-76.37,56,22.53,Trawl,FV Lakshmi,ANOMALY: negative weight recorded,Andaman Sea
CATCH0085,VSL0085,Rastrelliger kanagurta,10.094691,71.598479,2023-02-14,38,45.403,72,19.53,Longline,Sagar Sampada,,Gulf of Kutch (Gujarat)
CATCH0086,VSL0086,Pristipomoides filamentosus,21.221749,71.819102,2019-01-06,22,92.232,48,23.52,Trawl,Sagar Sampada,,Off Paradip (Odisha)
CATCH0087,VSL0087,Trichiurus lepturus,14.447674,73.944018,2021-10-03,36,39.609,54,26.65,Gillnet,Kadal Vazhakku,,Andaman Sea
CATCH0088,VSL0088,Penaeus indicus,17.998753,85.598288,2020-02-20,18,31.812,23,18.94,Trap,Oceanic Star,,Gulf of Kutch (Gujarat)
CATCH0089,VSL0089,Penaeus indicus,19.713835,77.342441,2018-02-17,76,412.281,86,26.99,Longline,MV Dolphin,,Off Mumbai (Maharashtra)
CATCH0090,VSL0090,Mugil cephalus,10.275582,75.38777,2022-07-26,54,74.154,107,16.99,Trap,MV Sea Pearl,,Andaman Sea
CATCH0091,VSL0091,Penaeus indicus,22.16517,83.627171,2018-01-24,117,611.944,76,20.47,Hook and Line,MV Sea Pearl,,Off Mumbai (Maharashtra)
CATCH0092,VSL0092,Scylla serrata,22.859389,82.940093,2019-05-22,73,62.302,49,27.29,Trawl,Sea Voyager,,Off Paradip (Odisha)
CATCH0093,VSL0093,Scomberomorus commerson,33.073167,87.31562,2025-05-12,98,22.711,76,21.46,Purse Seine,Kadal Vazhakku,,Off Chennai (Tamil Nadu)
CATCH0094,VSL0094,Sphyraena obtusata,31.042001,95.028128,2020-12-13,117,338.159,45,18.13,Gillnet,Oceanic Star,,Off Pondicherry
CATCH0095,VSL0095,Rastrelliger kanagurta,34.483232,97.10341,2022-06-30,17,51.158,86,17.36,Hook and Line,Sagar Sampada,,Off Kochi (Kerala)
CATCH0096,VSL0096,Carcharhinus sorrah,32.730445,78.451452,2021-10-25,56,-323.87,21,26.71,Purse Seine,FV Lakshmi,ANOMALY: negative weight recorded,Off Pondicherry
CATCH0097,VSL0097,Sphyraena obtusata,33.638344,80.418186,2020-08-28,33,243.354,60,25.03,Hook and Line,MV Sea Pearl,,Andaman Sea
CATCH0098,VSL0098,Carcharhinus sorrah,7.563596,85.395509,2020-06-19,12,32.254,65,23.18,Gillnet,Kadal Vazhakku,,Off Pondicherry
CATCH0099,VSL0099,Mugil cephalus,20.099855,81.06542,2018-11-24,0,0.0,50,28.37,Trawl,Sea Voyager,ANOMALY: zero quantity recorded,Andaman Sea
CATCH0100,VSL0100,Sphyraena obtusata,18.793565,77.014758,2019-08-21,119,991.722,32,17.05,Purse Seine,Sagar Sampada,,Off Mangalore (Karnataka)
CATCH0101,VSL0101,Sardinella longiceps,31.989137,97.290906,2024-02-14,33,256.245,45,29.19,Purse Seine,Kadal Vazhakku,,Off Kochi (Kerala)
CATCH0102,VSL0102,Pristipomoides filamentosus,15.163481,82.506527,2025-02-23,83,528.654,29,23.24,Trap,Sea Voyager,,Off Mumbai (Maharashtra)
CATCH0103,VSL0103,Scylla serrata,15.171365,71.575683,2022-08-25,43,328.194,61,18.05,Trawl,Sea Voyager,,Off Visakhapatnam (Andhra Pradesh)
CATCH0104,VSL0104,Sphyraena obtusata,12.892457,88.521768,2019-01-12,67,35.922,61,20.02,Longline,Neelkanth,,Off Chennai (Tamil Nadu)
CATCH0105,VSL0105,Sphyraena obtusata,9.621318,79.294203,2019-05-18,15,35.311,48,29.32,Trap,Annapurna,,Off Mangalore (Karnataka)
CATCH0106,VSL0106,Scylla serrata,23.506257,69.351201,2021-08-18,99,157.004,70,25.14,Trawl,MV Dolphin,,Gulf of Kutch (Gujarat)
CATCH0107,VSL0107,Rastrelliger kanagurta,32.208754,76.272684,2021-07-05,105,510.383,64,29.02,Trawl,FV Shakti,,Off Mangalore (Karnataka)
CATCH0108,VSL0108,Pristipomoides filamentosus,19.911612,71.607523,2020-01-02,49,207.951,148,20.19,Gillnet,Oceanic Star,,Off Visakhapatnam (Andhra Pradesh)
CATCH0109,VSL0109,Rastrelliger kanagurta,30.477267,87.02382,2019-12-09,120,167.764,50,16.16,Trap,Sea Voyager,,Andaman Sea
CATCH0110,VSL0110,Rastrelliger kanagurta,7.451189,90.026861,2018-06-15,81,396.51,70,29.18,Purse Seine,MV Sea Pearl,,Off Mumbai (Maharashtra)
CATCH0111,VSL0111,Megalaspis cordyla,32.509676,81.345466,2024-06-18,118,680.838,84,24.06,Gillnet,Sea Voyager,,Off Mumbai (Maharashtra)
CATCH0112,VSL0112,Sardinella longiceps,27.289459,88.380347,2018-11-12,27,51.279,7,28.6,Trawl,Sagar Sampada,,Gulf of Kutch (Gujarat)
CATCH0113,VSL0113,Mugil cephalus,35.0992,68.706754,2020-12-27,119,586.966,94,29.08,Trap,Kadal Vazhakku,,Off Kolkata (West Bengal)
CATCH0114,VSL0114,Penaeus indicus,7.489409,73.735551,2020-05-09,87,667.798,4,28.57,Trap,MV Dolphin,,Off Pondicherry
CATCH0115,VSL0115,Sphyraena obtusata,18.520879,86.399514,2019-07-19,75,86.598,53,24.53,Trawl,Oceanic Star,,Off Mangalore (Karnataka)
CATCH0116,VSL0116,Epinephelus coioides,9.603854,87.862137,2021-06-06,89,377.779,123,29.4,Trawl,FV Lakshmi,,Gulf of Kutch (Gujarat)
CATCH0117,VSL0117,Megalaspis cordyla,18.060806,91.955291,2018-02-09,94,424.763,32,27.6,Gillnet,Neelkanth,,Gulf of Kutch (Gujarat)
CATCH0118,VSL0118,Epinephelus coioides,19.69567,77.474881,2018-10-20,65,168.163,94,20.03,Longline,Sagar Sampada,,Off Chennai (Tamil Nadu)
CATCH0119,VSL0119,Mugil cephalus,34.716396,96.053626,2021-05-27,68,157.628,49,21.75,Purse Seine,MV Sea Pearl,,Off Visakhapatnam (Andhra Pradesh)
CATCH0120,VSL0120,Scylla serrata,16.818366,85.20449,2021-07-05,117,693.634,16,23.88,Trap,Sagar Sampada,,Off Mangalore (Karnataka)
CATCH0121,VSL0121,Lates calcarifer,35.449723,70.806767,2021-06-22,16,39.323,33,19.17,Trawl,Sea Voyager,,Off Visakhapatnam (Andhra Pradesh)
CATCH0122,VSL0122,Sphyraena obtusata,11.752574,70.081634,2019-06-06,88,158.363,41,27.5,Gillnet,FV Shakti,,Off Mangalore (Karnataka)
CATCH0123,VSL0123,Mugil cephalus,33.011527,88.366542,2022-09-20,101,886.825,87,-5.0,Trap,Oceanic Star,ANOMALY: extreme water temperature -5.0C,Off Mangalore (Karnataka)
CATCH0124,VSL0124,Carcharhinus sorrah,23.507918,75.369041,2018-03-24,15,27.664,69,22.63,Trawl,Neelkanth,,Andaman Sea
CATCH0125,VSL0125,Penaeus indicus,25.908053,83.556538,2018-05-08,48,358.259,35,23.5,Longline,MV Sea Pearl,,Off Kolkata (West Bengal)
CATCH0126,VSL0126,Scomberomorus commerson,10.76202,84.138074,2021-10-14,41,180.39,57,26.92,Purse Seine,MV Dolphin,,Off Kolkata (West Bengal)
CATCH0127,VSL0127,Scomberomorus commerson,24.625292,86.680203,2020-08-23,65,210.689,16,16.73,Purse Seine,Oceanic Star,,Off Mumbai (Maharashtra)
CATCH0128,VSL0128,Pristipomoides filamentosus,34.588552,82.372367,2021-08-15,119,83.419,1,22.32,Hook and Line,Sea Voyager,,Off Chennai (Tamil Nadu)
CATCH0129,VSL0129,Pristipomoides filamentosus,8.886346,74.780713,2023-11-06,80,41.486,66,19.71,Gillnet,Neelkanth,,Off Mangalore (Karnataka)
CATCH0130,VSL0130,Sphyraena obtusata,25.943337,90.226765,2019-06-13,28,148.329,17,27.4,Longline,Oceanic Star,,Off Mumbai (Maharashtra)
CATCH0131,VSL0131,Pristipomoides filamentosus,28.899426,88.501345,2020-07-21,105,701.458,133,17.19,Gillnet,FV Lakshmi,,Off Visakhapatnam (Andhra Pradesh)
CATCH0132,VSL0132,Nemipterus japonicus,18.700993,73.359722,2022-10-29,4,19.908,61,25.09,Longline,MV Sea Pearl,,Off Kochi (Kerala)
CATCH0133,VSL0133,Scomber japonicus,23.607376,96.424134,2020-08-01,112,924.41,86,23.56,Gillnet,MV Dolphin,,Off Pondicherry
CATCH0134,VSL0134,Sardinella longiceps,16.072027,75.475036,2025-03-21,109,157.07,4,23.96,Purse Seine,Oceanic Star,,Off Chennai (Tamil Nadu)
CATCH0135,VSL0135,Scomberomorus commerson,31.773616,72.493875,2021-09-06,66,474.556,11,28.22,Hook and Line,Neelkanth,,Off Mangalore (Karnataka)
CATCH0136,VSL0136,Sardinella longiceps,23.714009,76.250923,2021-08-29,85,470.2,98,27.05,Gillnet,Oceanic Star,,Gulf of Kutch (Gujarat)
CATCH0137,VSL0137,Epinephelus coioides,36.335118,85.072641,2019-09-17,54,41.753,24,25.83,Trawl,Oceanic Star,,Off Mumbai (Maharashtra)
CATCH0138,VSL0138,Sardinella longiceps,21.62989,79.350318,2018-10-14,81,558.432,29,25.68,Trap,Sagar Sampada,,Off Kolkata (West Bengal)
CATCH0139,VSL0139,Mugil cephalus,23.565679,68.357259,2024-11-30,22,22.949,12,26.92,Longline,Annapurna,,Gulf of Kutch (Gujarat)
CATCH0140,VSL0140,Mugil cephalus,-95.123456,74.819728,2025-04-01,95,253.176,126,21.93,Gillnet,Oceanic Star,ANOMALY: invalid coordinates,Off Visakhapatnam (Andhra Pradesh)
CATCH0141,VSL0141,Rastrelliger kanagurta,18.9326,69.178516,2021-05-17,46,140.17,51,22.99,Trawl,MV Sea Pearl,,Off Visakhapatnam (Andhra Pradesh)
CATCH0142,VSL0142,Lates calcarifer,13.488213,81.403579,2023-08-25,101,71.896,65,24.93,Trawl,Annapurna,,Andaman Sea
CATCH0143,VSL0143,Epinephelus coioides,19.291805,83.497381,2024-07-13,112,533.842,59,28.38,Trawl,Sagar Sampada,,Off Kochi (Kerala)
CATCH0144,VSL0144,Carcharhinus sorrah,24.545029,71.105137,2021-09-28,96,186.838,19,24.94,Longline,Kadal Vazhakku,,Off Mangalore (Karnataka)
CATCH0145,VSL0145,Epinephelus coioides,20.586838,72.320038,2025-08-23,89,344.517,53,19.05,Purse Seine,FV Lakshmi,,Off Pondicherry
CATCH0146,VSL0146,Sphyraena obtusata,28.217835,79.568433,2019-10-08,100,216.004,73,18.39,Purse Seine,FV Shakti,,Off Kolkata (West Bengal)
CATCH0147,VSL0147,Carcharhinus sorrah,33.163498,71.10431,2022-02-26,5,15.904,78,28.49,Gillnet,MV Dolphin,,Off Mumbai (Maharashtra)
CATCH0148,VSL0148,Carcharhinus sorrah,9.55275,77.666495,2019-02-24,69,150.138,74,28.79,Purse Seine,Kadal Vazhakku,,Off Mumbai (Maharashtra)
CATCH0149,VSL0149,Sphyraena obtusata,14.01841,70.410899,2018-04-10,7,29.257,109,19.17,Longline,MV Sea Pearl,,Off Mangalore (Karnataka)
CATCH0150,VSL0150,Trichiurus lepturus,11.482533,86.021792,2024-01-20,30,170.552,11,26.13,Hook and Line,Oceanic Star,,Off Mangalore (Karnataka)
CATCH0151,VSL0151,Rastrelliger kanagurta,36.096759,88.684675,2022-02-08,35,128.969,66,23.94,Longline,Sea Voyager,,Andaman Sea
CATCH0152,VSL0152,Mugil cephalus,14.118638,85.086154,2022-07-15,3,4.692,53,23.47,Trap,MV Dolphin,,Off Chennai (Tamil Nadu)
CATCH0153,VSL0153,Scomber japonicus,25.818476,94.162952,2025-03-17,23,142.365,35,16.29,Trawl,FV Shakti,,Off Mumbai (Maharashtra)
CATCH0154,VSL0154,Lates calcarifer,36.767057,74.262588,2018-09-11,50,35.51,47,26.58,Longline,Annapurna,,Off Mumbai (Maharashtra)
CATCH0155,VSL0155,Mugil cephalus,11.171058,70.294799,2021-02-08,45,239.79,65,25.24,Trap,MV Sea Pearl,,Gulf of Kutch (Gujarat)
CATCH0156,VSL0156,Lates calcarifer,10.012242,96.691155,2024-12-10,70,257.469,89,17.4,Trap,Neelkanth,,Off Paradip (Odisha)
CATCH0157,VSL0157,Carcharhinus sorrah,32.545167,77.495833,2025-03-01,32,142.155,50,28.87,Gillnet,Kadal Vazhakku,,Off Visakhapatnam (Andhra Pradesh)
CATCH0158,VSL0158,Pristipomoides filamentosus,28.243794,97.354513,2024-12-03,6,25.153,18,29.65,Longline,Sea Voyager,,Off Visakhapatnam (Andhra Pradesh)
CATCH0159,VSL0159,Epinephelus coioides,28.393964,81.498462,2022-10-02,89,318.791,37,25.94,Hook and Line,Oceanic Star,,Off Paradip (Odisha)
CATCH0160,VSL0160,Lates calcarifer,14.537103,75.894872,2024-06-07,105,198.914,0,23.46,Hook and Line,Kadal Vazhakku,,Off Mumbai (Maharashtra)
CATCH0161,VSL0161,Penaeus indicus,16.509946,88.546883,2025-07-31,19,94.869,144,22.84,Gillnet,Kadal Vazhakku,,Off Kochi (Kerala)
CATCH0162,VSL0162,Epinephelus coioides,34.61861,94.841105,2018-08-16,15,121.542,54,20.54,Purse Seine,Sea Voyager,,Off Kolkata (West Bengal)
CATCH0163,VSL0163,Epinephelus coioides,8.470727,78.021125,2018-05-12,42,193.649,112,21.66,Trawl,MV Sea Pearl,,Off Paradip (Odisha)
CATCH0164,VSL0164,Sphyraena obtusata,12.271854,70.254441,2018-10-30,74,402.101,49,20.1,Trawl,Annapurna,,Andaman Sea
CATCH0165,VSL0165,Rastrelliger kanagurta,31.327264,93.28081,2020-08-08,99,428.417,65,27.51,Longline,Oceanic Star,,Off Visakhapatnam (Andhra Pradesh)
CATCH0166,VSL0166,Megalaspis cordyla,33.876705,94.261059,2020-05-15,6,49.682,63,29.88,Purse Seine,Sea Voyager,,Off Mumbai (Maharashtra)
CATCH0167,VSL0167,Rastrelliger kanagurta,12.21194,96.407703,2019-02-13,103,743.695,110,23.83,Purse Seine,Neelkanth,,Off Visakhapatnam (Andhra Pradesh)
CATCH0168,VSL0168,Megalaspis cordyla,15.032592,79.742487,2018-06-18,43,42.465,74,26.16,Longline,MV Sea Pearl,,Gulf of Kutch (Gujarat)
CATCH0169,VSL0169,Penaeus indicus,21.974164,92.114323,2018-05-04,66,128.439,65,23.7,Longline,Sea Voyager,,Andaman Sea
CATCH0170,VSL0170,Scylla serrata,32.302241,85.565555,2022-10-16,37,317.228,145,20.97,Hook and Line,Sagar Sampada,,Off Visakhapatnam (Andhra Pradesh)
CATCH0171,VSL0171,Mugil cephalus,26.537324,86.689721,2020-03-28,24,177.965,96,21.19,Gillnet,Sea Voyager,,Off Pondicherry
CATCH0172,VSL0172,Carcharhinus sorrah,33.3196,74.867122,2018-07-08,96,489.072,66,21.19,Trap,Neelkanth,,Off Kochi (Kerala)
CATCH0173,VSL0173,Scomberomorus commerson,6.669415,73.411944,2020-07-02,90,455.715,20,24.23,Purse Seine,Sea Voyager,,Off Chennai (Tamil Nadu)
CATCH0174,VSL0174,Mugil cephalus,7.648872,75.119516,2025-02-21,96,56.088,40,21.75,Longline,FV Lakshmi,,Off Mumbai (Maharashtra)
CATCH0175,VSL0175,Megalaspis cordyla,23.584487,96.470857,2020-04-30,48,136.554,15,25.64,Gillnet,FV Lakshmi,,Off Kolkata (West Bengal)
CATCH0176,VSL0176,Scylla serrata,25.628136,96.387184,2024-12-02,101,290.767,35,25.52,Hook and Line,MV Dolphin,,Off Mumbai (Maharashtra)
CATCH0177,VSL0177,Penaeus indicus,9.551165,77.919422,2019-11-26,40,326.89,22,28.02,Hook and Line,MV Dolphin,,Off Kochi (Kerala)
CATCH0178,VSL0178,Carcharhinus sorrah,32.054177,73.739876,2023-09-02,16,64.393,13,28.48,Hook and Line,Neelkanth,,Off Mumbai (Maharashtra)
CATCH0179,VSL0179,Epinephelus coioides,22.233484,92.178282,2024-03-11,49,207.562,58,22.28,Purse Seine,Annapurna,,Off Chennai (Tamil Nadu)
CATCH0180,VSL0180,Penaeus indicus,8.601751,92.164501,2018-09-02,3,15.838,46,23.89,Trawl,Annapurna,,Off Mumbai (Maharashtra)
CATCH0181,VSL0181,Nemipterus japonicus,31.163794,74.526326,2023-08-17,4,26.962,48,17.94,Longline,Oceanic Star,,Off Mangalore (Karnataka)
CATCH0182,VSL0182,Trichiurus lepturus,7.595608,93.068869,2023-11-27,87,278.88,8,25.23,Hook and Line,FV Lakshmi,,Andaman Sea
CATCH0183,VSL0183,Sphyraena obtusata,28.85298,86.998612,2025-07-10,103,340.016,88,27.11,Purse Seine,MV Dolphin,,Gulf of Kutch (Gujarat)
CATCH0184,VSL0184,Scomber japonicus,6.957316,79.326285,2022-06-27,76,512.673,126,20.76,Trawl,Sagar Sampada,,Off Mumbai (Maharashtra)
CATCH0185,VSL0185,Megalaspis cordyla,33.320119,76.839426,2020-11-28,34,147.405,5,25.78,Trawl,Annapurna,,Off Paradip (Odisha)
CATCH0186,VSL0186,Rastrelliger kanagurta,20.120871,79.651461,2020-12-13,50,241.095,2,24.45,Hook and Line,Neelkanth,,Off Kochi (Kerala)
CATCH0187,VSL0187,Sardinella longiceps,30.076456,80.299376,2023-12-25,50,36.124,98,18.57,Purse Seine,Oceanic Star,,Gulf of Kutch (Gujarat)
CATCH0188,VSL0188,Scylla serrata,22.837181,85.109294,2022-10-11,23,123.261,71,24.69,Hook and Line,Neelkanth,,Off Mangalore (Karnataka)
CATCH0189,VSL0189,Scylla serrata,24.627805,68.300156,2020-11-27,78,41.622,109,16.7,Trawl,Annapurna,,Andaman Sea
CATCH0190,VSL0190,Penaeus indicus,36.555423,75.367643,2018-01-11,68,157.169,168,20.49,Trap,Oceanic Star,,Off Mangalore (Karnataka)
CATCH0191,VSL0191,Trichiurus lepturus,8.182053,80.73939,2025-05-14,54,156.144,17,20.63,Hook and Line,FV Lakshmi,,Off Pondicherry
CATCH0192,VSL0192,Sardinella longiceps,11.481154,78.510867,2020-06-11,69,264.506,77,18.76,Trawl,Annapurna,,Off Visakhapatnam (Andhra Pradesh)
CATCH0193,VSL0193,Lates calcarifer,29.477887,95.114248,2019-12-22,35,134.653,110,26.28,Longline,Annapurna,,Off Kolkata (West Bengal)
CATCH0194,VSL0194,Scomber japonicus,26.003927,83.870982,2023-01-09,37,322.246,137,27.78,Trap,Neelkanth,,Off Kolkata (West Bengal)
CATCH0195,VSL0195,Penaeus indicus,7.058194,78.093061,2019-03-21,30,87.138,47,17.11,Gillnet,Sagar Sampada,,Off Kochi (Kerala)
CATCH0196,VSL0196,Trichiurus lepturus,10.248807,76.648983,2019-12-16,113,518.688,27,27.05,Gillnet,Sea Voyager,,Off Mumbai (Maharashtra)
CATCH0197,VSL0197,Rastrelliger kanagurta,11.98085,72.867985,2024-02-14,56,104.48,85,19.14,Trap,Annapurna,,Off Pondicherry
CATCH0198,VSL0198,Megalaspis cordyla,10.454254,76.836222,2018-09-17,14,84.358,71,20.61,Gillnet,FV Lakshmi,,Off Visakhapatnam (Andhra Pradesh)
CATCH0199,VSL0199,Megalaspis cordyla,22.4964,92.159396,2022-08-06,76,465.052,19,20.79,Gillnet,Oceanic Star,,Off Kolkata (West Bengal)
CATCH0200,VSL0200,Sardinella longiceps,34.520743,84.808036,2019-02-26,114,194.291,47,17.57,Purse Seine,FV Lakshmi,,Off Mangalore (Karnataka)
CATCH0201,VSL0201,Trichiurus lepturus,34.116519,96.632494,2024-02-14,3,13.958,71,22.12,Trap,FV Shakti,,Off Kolkata (West Bengal)
CATCH0202,VSL0202,Scylla serrata,28.108121,89.621847,2023-02-08,102,283.811,42,20.71,Trawl,Neelkanth,,Andaman Sea
CATCH0203,VSL0203,Rastrelliger kanagurta,31.253994,72.283337,2021-07-02,100,421.742,42,17.01,Gillnet,MV Dolphin,,Andaman Sea
CATCH0204,VSL0204,Nemipterus japonicus,14.574905,92.533906,2025-05-05,42,176.213,50,23.28,Gillnet,Kadal Vazhakku,,Off Mangalore (Karnataka)
CATCH0205,VSL0205,Sphyraena obtusata,24.910255,84.33879,2019-05-30,10,53.029,39,16.12,Longline,Sagar Sampada,,Off Visakhapatnam (Andhra Pradesh)
CATCH0206,VSL0206,Sphyraena obtusata,11.259161,84.853597,2022-10-23,114,961.603,52,22.31,Hook and Line,FV Shakti,,Off Chennai (Tamil Nadu)
CATCH0207,VSL0207,Megalaspis cordyla,17.776823,96.822501,2021-12-02,61,79.802,64,29.26,Purse Seine,Annapurna,,Andaman Sea
CATCH0208,VSL0208,Trichiurus lepturus,25.515487,93.461253,2022-04-25,5,10.486,34,22.7,Hook and Line,MV Dolphin,,Off Kochi (Kerala)
CATCH0209,VSL0209,Lates calcarifer,20.138916,81.508393,2023-11-16,21,165.546,53,28.08,Gillnet,FV Shakti,,Off Pondicherry
CATCH0210,VSL0210,Scylla serrata,29.283694,88.448981,2023-06-11,70,379.347,23,28.97,Purse Seine,Sagar Sampada,,Off Pondicherry
CATCH0211,VSL0211,Scylla serrata,26.562326,75.108257,2020-01-15,42,47.776,68,23.02,Purse Seine,Sea Voyager,,Off Mumbai (Maharashtra)
CATCH0212,VSL0212,Trichiurus lepturus,30.27856,96.814098,2021-03-17,34,78.536,84,22.71,Purse Seine,FV Shakti,,Off Mumbai (Maharashtra)
CATCH0213,VSL0213,Epinephelus coioides,12.542544,94.266191,2021-11-16,68,277.638,35,26.37,Trawl,Oceanic Star,,Off Kolkata (West Bengal)
CATCH0214,VSL0214,Trichiurus lepturus,8.23028,86.760504,2021-04-16,49,89.972,110,20.63,Hook and Line,Oceanic Star,,Gulf of Kutch (Gujarat)
CATCH0215,VSL0215,Scylla serrata,9.022451,94.467233,2020-05-29,55,55.746,30,23.54,Trawl,Oceanic Star,,Off Chennai (Tamil Nadu)
CATCH0216,VSL0216,Pristipomoides filamentosus,31.173982,75.983741,2020-11-19,87,231.795,35,22.37,Trawl,Sagar Sampada,,Off Paradip (Odisha)
CATCH0217,VSL0217,Nemipterus japonicus,23.548617,90.615541,2018-02-19,80,103.107,54,22.51,Trawl,Sea Voyager,,Off Mangalore (Karnataka)
CATCH0218,VSL0218,Trichiurus lepturus,14.258456,93.234782,2019-03-18,101,391.726,13,16.19,Gillnet,Kadal Vazhakku,,Off Chennai (Tamil Nadu)
CATCH0219,VSL0219,Scomber japonicus,10.800464,76.680544,2022-07-29,53,72.431,113,21.23,Hook and Line,Annapurna,,Off Kochi (Kerala)
CATCH0220,VSL0220,Rastrelliger kanagurta,28.998833,93.100826,2023-06-13,80,572.07,20,24.12,Trap,MV Sea Pearl,,Off Pondicherry
CATCH0221,VSL0221,Nemipterus japonicus,18.224617,78.559944,2019-04-04,81,516.688,1,24.34,Hook and Line,Oceanic Star,,Off Chennai (Tamil Nadu)
CATCH0222,VSL0222,Penaeus indicus,34.019412,86.19986,2023-08-22,118,409.955,54,23.37,Hook and Line,Sea Voyager,,Off Chennai (Tamil Nadu)
CATCH0223,VSL0223,Megalaspis cordyla,7.444624,83.161644,2025-02-19,105,264.492,72,22.19,Trap,FV Shakti,,Off Kolkata (West Bengal)
CATCH0224,VSL0224,Lates calcarifer,20.082873,94.488496,2022-07-10,35,9.29,2,22.59,Purse Seine,Kadal Vazhakku,,Andaman Sea
CATCH0225,VSL0225,Trichiurus lepturus,28.853781,72.991749,2020-01-14,28,182.889,56,19.15,Longline,Neelkanth,,Off Mangalore (Karnataka)
CATCH0226,VSL0226,Carcharhinus sorrah,10.817486,82.514553,2023-03-28,120,286.577,9,22.64,Trawl,FV Shakti,,Off Mumbai (Maharashtra)
CATCH0227,VSL0227,Pristipomoides filamentosus,33.536416,90.046037,2023-07-02,51,335.809,20,21.85,Trawl,Annapurna,,Off Mangalore (Karnataka)
CATCH0228,VSL0228,Mugil cephalus,35.284684,79.448287,2021-06-11,98,557.11,76,26.51,Trap,Oceanic Star,,Off Paradip (Odisha)
CATCH0229,VSL0229,Scylla serrata,16.577715,95.534723,2019-02-12,0,0.0,92,20.6,Trawl,Sagar Sampada,ANOMALY: zero quantity recorded,Gulf of Kutch (Gujarat)
CATCH0230,VSL0230,Nemipterus japonicus,9.783739,90.914893,2023-09-20,69,143.407,125,18.21,Gillnet,MV Dolphin,,Off Visakhapatnam (Andhra Pradesh)
CATCH0231,VSL0231,Sardinella longiceps,11.193506,82.616657,2021-01-25,74,517.623,65,22.49,Gillnet,Sea Voyager,,Off Mangalore (Karnataka)
CATCH0232,VSL0232,Carcharhinus sorrah,17.680635,89.498903,2020-07-16,35,102.455,63,23.78,Purse Seine,MV Dolphin,,Off Mumbai (Maharashtra)
CATCH0233,VSL0233,Scylla serrata,16.506508,87.954174,2022-01-06,23,10.413,11,24.51,Purse Seine,FV Shakti,,Off Kochi (Kerala)
CATCH0234,VSL0234,Megalaspis cordyla,23.409029,81.343666,2019-08-07,20,68.062,18,25.93,Longline,MV Sea Pearl,,Off Paradip (Odisha)
CATCH0235,VSL0235,Rastrelliger kanagurta,16.452216,94.864296,2023-06-03,58,142.169,91,22.76,Longline,FV Shakti,,Off Mumbai (Maharashtra)
CATCH0236,VSL0236,Scylla serrata,28.63946,96.680835,2018-11-25,83,597.074,53,23.08,Longline,Sagar Sampada,,Off Pondicherry
CATCH0237,VSL0237,Trichiurus lepturus,12.669231,72.454797,2025-05-18,26,118.347,17,16.78,Hook and Line,Oceanic Star,,Off Pondicherry
CATCH0238,VSL0238,Penaeus indicus,17.251514,70.01174,2025-07-28,73,150.119,42,23.2,Trawl,MV Sea Pearl,,Off Kochi (Kerala)
CATCH0239,VSL0239,Scomberomorus commerson,15.436779,81.529529,2019-02-05,38,108.306,13,22.07,Longline,Oceanic Star,,Gulf of Kutch (Gujarat)
CATCH0240,VSL0240,Lates calcarifer,9.028751,69.89751,2019-09-15,36,70.658,88,17.35,Trawl,Sea Voyager,,Andaman Sea
CATCH0241,VSL0241,Scomber japonicus,29.36113,85.774911,2024-09-02,75,169.34,22,26.08,Purse Seine,Neelkanth,,Andaman Sea
CATCH0242,VSL0242,Scomber japonicus,11.926236,75.43042,2025-01-01,69,63.44,113,25.52,Gillnet,Neelkanth,,Off Kolkata (West Bengal)
CATCH0243,VSL0243,Scomberomorus commerson,33.019286,69.738604,2019-10-21,89,607.792,61,29.3,Hook and Line,Neelkanth,,Off Kochi (Kerala)
CATCH0244,VSL0244,Sphyraena obtusata,16.94229,76.002351,2019-08-10,11,56.003,45,21.41,Trap,Neelkanth,,Off Pondicherry
CATCH0245,VSL0245,Mugil cephalus,6.936058,91.454872,2024-06-08,26,100.438,26,18.56,Purse Seine,MV Sea Pearl,,Off Kolkata (West Bengal)
CATCH0246,VSL0246,Pristipomoides filamentosus,28.256388,76.331094,2018-05-01,90,576.449,128,17.56,Hook and Line,Oceanic Star,,Off Chennai (Tamil Nadu)
CATCH0247,VSL0247,Mugil cephalus,15.896933,71.758502,2025-05-06,2,1.571,85,18.63,Trap,Sagar Sampada,,Off Pondicherry
CATCH0248,VSL0248,Epinephelus coioides,8.937386,75.525014,2021-03-18,44,33.712,82,19.95,Purse Seine,FV Lakshmi,,Off Mumbai (Maharashtra)
CATCH0249,VSL0249,Megalaspis cordyla,25.201802,95.592838,2018-05-14,67,345.524,71,25.39,Trawl,MV Dolphin,,Off Kolkata (West Bengal)
CATCH0250,VSL0250,Sardinella longiceps,30.630514,77.401322,2022-01-25,10,-63.253,162,22.65,Gillnet,Sagar Sampada,ANOMALY: negative weight recorded,Off Chennai (Tamil Nadu)
CATCH0251,VSL0251,Mugil cephalus,10.936707,69.237119,2024-12-12,66,220.952,122,18.91,Hook and Line,Sagar Sampada,,Off Chennai (Tamil Nadu)
CATCH0252,VSL0252,Scomber japonicus,26.916954,92.638022,2025-08-06,1,0.389,26,23.89,Purse Seine,FV Lakshmi,,Off Kochi (Kerala)
CATCH0253,VSL0253,Sphyraena obtusata,14.269428,79.161681,2025-09-04,116,263.245,21,18.54,Hook and Line,Annapurna,,Off Mangalore (Karnataka)
CATCH0254,VSL0254,Sardinella longiceps,22.034105,72.496395,2024-07-19,1,2.224,13,23.54,Purse Seine,Sea Voyager,,Gulf of Kutch (Gujarat)
CATCH0255,VSL0255,Lates calcarifer,23.894704,82.202389,2020-02-13,90,602.921,24,27.21,Longline,Sagar Sampada,,Off Kolkata (West Bengal)
CATCH0256,VSL0256,Epinephelus coioides,35.449716,91.107598,2024-10-05,19,49.834,16,21.49,Longline,Sea Voyager,,Off Mumbai (Maharashtra)
CATCH0257,VSL0257,Trichiurus lepturus,25.787295,94.006994,2023-05-02,46,214.457,50,29.32,Trawl,Annapurna,,Off Kochi (Kerala)
CATCH0258,VSL0258,Pristipomoides filamentosus,13.917125,92.729897,2018-04-16,51,182.888,19,16.72,Purse Seine,Kadal Vazhakku,,Off Mangalore (Karnataka)
CATCH0259,VSL0259,Penaeus indicus,28.655346,92.586586,2022-08-19,36,27.235,69,18.27,Trap,Kadal Vazhakku,,Off Chennai (Tamil Nadu)
CATCH0260,VSL0260,Sphyraena obtusata,26.921372,82.714997,2022-05-13,14,85.055,21,19.06,Hook and Line,Annapurna,,Andaman Sea
CATCH0261,VSL0261,Scylla serrata,18.989883,75.712748,2020-04-23,98,85.615,13,29.92,Trawl,Sagar Sampada,,Off Kochi (Kerala)
CATCH0262,VSL0262,Epinephelus coioides,25.541297,78.768985,2025-09-14,113,42.848,64,22.08,Hook and Line,Sagar Sampada,,Off Visakhapatnam (Andhra Pradesh)
CATCH0263,VSL0263,Pristipomoides filamentosus,36.003154,72.05485,2023-05-09,31,51.774,123,26.03,Longline,Neelkanth,,Off Chennai (Tamil Nadu)
CATCH0264,VSL0264,Trichiurus lepturus,26.281545,71.581307,2022-03-10,108,430.446,47,21.56,Trap,Annapurna,,Andaman Sea
CATCH0265,VSL0265,Epinephelus coioides,27.789411,94.440811,2023-05-02,100,216.971,47,25.72,Hook and Line,Neelkanth,,Andaman Sea
CATCH0266,VSL0266,Carcharhinus sorrah,22.862833,97.320973,2019-07-06,67,426.946,106,29.33,Hook and Line,FV Shakti,,Off Chennai (Tamil Nadu)
CATCH0267,VSL0267,Trichiurus lepturus,23.357361,70.073862,2025-04-17,54,38.929,80,27.65,Hook and Line,Sea Voyager,,Gulf of Kutch (Gujarat)
CATCH0268,VSL0268,Sphyraena obtusata,6.56446,94.304337,2020-06-26,33,134.202,59,16.7,Hook and Line,Oceanic Star,,Andaman Sea
CATCH0269,VSL0269,Penaeus indicus,28.449222,82.640306,2025-05-05,115,875.02,85,26.32,Longline,Kadal Vazhakku,,Andaman Sea
CATCH0270,VSL0270,Carcharhinus sorrah,18.817469,73.261266,2019-02-07,34,237.298,96,18.66,Trap,Oceanic Star,,Andaman Sea
CATCH0271,VSL0271,Carcharhinus sorrah,13.802764,89.293948,2022-08-08,6,39.125,49,22.84,Trap,MV Dolphin,,Andaman Sea
CATCH0272,VSL0272,Scomberomorus commerson,9.535053,91.78363,2024-01-12,2,4.326,97,18.85,Trap,MV Dolphin,,Off Visakhapatnam (Andhra Pradesh)
CATCH0273,VSL0273,Scylla serrata,17.213577,96.69742,2018-02-22,14,45.288,18,23.52,Trap,FV Shakti,,Off Pondicherry
CATCH0274,VSL0274,Carcharhinus sorrah,27.368035,85.170473,2023-07-04,92,550.351,86,20.45,Hook and Line,Kadal Vazhakku,,Off Kolkata (West Bengal)
CATCH0275,VSL0275,Mugil cephalus,10.833201,87.885406,2025-07-27,91,646.127,88,20.41,Trap,Kadal Vazhakku,,Off Paradip (Odisha)
CATCH0276,VSL0276,Scylla serrata,29.990637,87.498861,2021-12-24,113,630.023,66,18.12,Purse Seine,FV Lakshmi,,Off Kochi (Kerala)
CATCH0277,VSL0277,Sardinella longiceps,14.346314,68.280164,2024-03-03,17,22.479,21,27.61,Gillnet,Sea Voyager,,Off Paradip (Odisha)
CATCH0278,VSL0278,Scomber japonicus,9.06004,96.368769,2024-11-22,80,472.128,58,21.37,Purse Seine,MV Sea Pearl,,Off Paradip (Odisha)
CATCH0279,VSL0279,Epinephelus coioides,23.926357,88.285324,2024-05-01,9,3.127,64,29.54,Purse Seine,Sagar Sampada,,Off Kochi (Kerala)
CATCH0280,VSL0280,Carcharhinus sorrah,32.628366,90.906723,2025-01-30,69,384.287,54,21.18,Trap,Sagar Sampada,,Gulf of Kutch (Gujarat)
CATCH0281,VSL0281,Scylla serrata,33.026503,71.880808,2024-02-20,6,36.173,34,23.01,Gillnet,Neelkanth,,Off Pondicherry
CATCH0282,VSL0282,Rastrelliger kanagurta,35.30462,80.699334,2024-05-26,117,561.309,99,23.08,Trawl,MV Sea Pearl,,Off Pondicherry
CATCH0283,VSL0283,Trichiurus lepturus,27.863397,87.24807,2023-10-13,38,147.442,40,16.01,Hook and Line,Sagar Sampada,,Gulf of Kutch (Gujarat)
CATCH0284,VSL0284,Penaeus indicus,11.627305,83.259353,2025-04-08,24,129.941,66,17.26,Longline,Sea Voyager,,Off Mumbai (Maharashtra)
CATCH0285,VSL0285,Sphyraena obtusata,32.428813,-190.987654,2023-08-12,58,322.185,47,25.82,Hook and Line,FV Shakti,ANOMALY: invalid coordinates,Gulf of Kutch (Gujarat)
CATCH0286,VSL0286,Megalaspis cordyla,7.90529,81.167769,2019-05-18,93,192.715,3,19.3,Purse Seine,Neelkanth,,Off Mangalore (Karnataka)
CATCH0287,VSL0287,Epinephelus coioides,7.02703,88.157012,2022-07-17,90,479.674,44,26.61,Trawl,FV Shakti,,Off Visakhapatnam (Andhra Pradesh)
CATCH0288,VSL0288,Pristipomoides filamentosus,29.46988,87.497845,2019-02-05,46,146.798,58,28.52,Purse Seine,Neelkanth,,Off Chennai (Tamil Nadu)
CATCH0289,VSL0289,Scomber japonicus,34.694356,82.977919,2020-06-02,64,479.247,19,20.0,Purse Seine,MV Dolphin,,Off Kolkata (West Bengal)
CATCH0290,VSL0290,Carcharhinus sorrah,25.216482,82.484832,2024-04-27,8,36.872,32,18.77,Longline,Sea Voyager,,Off Kolkata (West Bengal)
CATCH0291,VSL0291,Mugil cephalus,9.292292,78.217864,2020-11-28,2,8.634,57,20.01,Gillnet,Sagar Sampada,,Off Kochi (Kerala)
CATCH0292,VSL0292,Trichiurus lepturus,29.411448,74.534388,2023-01-30,108,559.298,70,26.44,Hook and Line,Sea Voyager,,Gulf of Kutch (Gujarat)
CATCH0293,VSL0293,Lates calcarifer,13.965342,89.060519,2018-09-18,16,6.847,25,17.21,Gillnet,Kadal Vazhakku,,Off Mumbai (Maharashtra)
CATCH0294,VSL0294,Scomberomorus commerson,24.734472,93.390786,2024-07-11,7,36.581,6,16.09,Trawl,Neelkanth,,Off Paradip (Odisha)
CATCH0295,VSL0295,Nemipterus japonicus,16.477073,95.046827,2020-02-08,17,126.923,50,22.17,Longline,Oceanic Star,,Off Kolkata (West Bengal)
CATCH0296,VSL0296,Mugil cephalus,32.306,71.924337,2023-04-02,33,65.357,42,29.3,Longline,Kadal Vazhakku,,Andaman Sea
CATCH0297,VSL0297,Pristipomoides filamentosus,12.608753,72.370296,2019-07-13,74,491.377,68,29.25,Trawl,MV Sea Pearl,,Gulf of Kutch (Gujarat)
CATCH0298,VSL0298,Mugil cephalus,16.523755,78.97516,2019-11-27,76,348.891,112,20.48,Trawl,Annapurna,,Off Paradip (Odisha)
CATCH0299,VSL0299,Lates calcarifer,26.548871,76.913756,2023-03-21,20,25.798,76,28.98,Purse Seine,Sagar Sampada,,Off Paradip (Odisha)
CATCH0300,VSL0300,Pristipomoides filamentosus,27.279896,89.992668,2023-02-10,88,254.117,13,22.65,Hook and Line,Neelkanth,,Gulf of Kutch (Gujarat)
CATCH0301,VSL0301,Trichiurus lepturus,28.802645,83.792372,2020-02-01,36,234.862,92,27.81,Hook and Line,MV Dolphin,,Off Mumbai (Maharashtra)
CATCH0302,VSL0302,Mugil cephalus,14.29266,78.661872,2021-01-23,79,147.393,87,26.55,Trawl,FV Lakshmi,,Off Mumbai (Maharashtra)
CATCH0303,VSL0303,Scomberomorus commerson,13.717791,87.175514,2025-06-11,36,150.531,43,29.9,Gillnet,Neelkanth,,Gulf of Kutch (Gujarat)
CATCH0304,VSL0304,Scylla serrata,11.69105,86.518475,2022-08-27,103,386.474,86,22.57,Trawl,MV Dolphin,,Off Kochi (Kerala)
CATCH0305,VSL0305,Penaeus indicus,36.022597,69.073184,2019-08-17,109,776.811,64,26.24,Gillnet,MV Dolphin,,Off Kochi (Kerala)
CATCH0306,VSL0306,Rastrelliger kanagurta,31.687788,83.433063,2025-08-27,112,205.257,96,16.4,Trap,Sagar Sampada,,Off Mumbai (Maharashtra)
CATCH0307,VSL0307,Epinephelus coioides,6.682499,81.363177,2023-07-24,111,46.712,55,29.46,Purse Seine,Oceanic Star,,Off Kochi (Kerala)
CATCH0308,VSL0308,Nemipterus japonicus,27.437151,74.933373,2019-12-15,27,56.791,73,19.38,Purse Seine,FV Lakshmi,,Off Visakhapatnam (Andhra Pradesh)
CATCH0309,VSL0309,Epinephelus coioides,7.705083,85.908541,2025-08-09,23,82.41,46,27.01,Hook and Line,Kadal Vazhakku,,Off Kochi (Kerala)
CATCH0310,VSL0310,Epinephelus coioides,20.980979,97.273124,2021-10-10,21,39.405,72,24.06,Purse Seine,Annapurna,,Off Kolkata (West Bengal)
CATCH0311,VSL0311,Sphyraena obtusata,12.544429,96.192381,2024-06-06,38,255.565,79,22.52,Gillnet,Neelkanth,,Off Mangalore (Karnataka)
CATCH0312,VSL0312,Carcharhinus sorrah,14.032817,78.867947,2022-10-06,47,95.174,91,26.68,Purse Seine,Kadal Vazhakku,,Off Kochi (Kerala)
CATCH0313,VSL0313,Mugil cephalus,32.123907,96.032835,2019-10-14,40,181.393,1,18.66,Trap,MV Sea Pearl,,Off Mumbai (Maharashtra)
CATCH0314,VSL0314,Scomberomorus commerson,24.188827,73.782111,2021-03-02,13,6.912,27,17.47,Trawl,FV Lakshmi,,Off Chennai (Tamil Nadu)
CATCH0315,VSL0315,Rastrelliger kanagurta,22.86008,94.407314,2019-06-01,49,282.656,49,20.02,Hook and Line,MV Dolphin,,Andaman Sea
CATCH0316,VSL0316,Pristipomoides filamentosus,31.753553,68.921636,2023-05-23,74,595.749,144,21.35,Trap,Oceanic Star,,Off Paradip (Odisha)
CATCH0317,VSL0317,Trichiurus lepturus,6.85864,71.964212,2019-08-15,47,201.793,13,17.39,Longline,Sea Voyager,,Gulf of Kutch (Gujarat)
CATCH0318,VSL0318,Lates calcarifer,20.336336,83.088937,2022-11-13,38,154.258,110,21.3,Purse Seine,FV Lakshmi,,Off Visakhapatnam (Andhra Pradesh)
CATCH0319,VSL0319,Trichiurus lepturus,35.351915,69.921032,2019-08-12,68,158.749,100,23.33,Longline,Sea Voyager,,Off Visakhapatnam (Andhra Pradesh)
CATCH0320,VSL0320,Nemipterus japonicus,16.563836,84.709459,2019-08-05,103,848.0,144,19.63,Hook and Line,FV Lakshmi,,Off Chennai (Tamil Nadu)
CATCH0321,VSL0321,Rastrelliger kanagurta,24.061378,96.351131,2023-06-13,73,305.008,27,17.01,Gillnet,Sea Voyager,,Off Paradip (Odisha)
CATCH0322,VSL0322,Penaeus indicus,29.056063,90.169192,2022-04-21,114,787.439,42,19.23,Trap,MV Sea Pearl,,Off Chennai (Tamil Nadu)
CATCH0323,VSL0323,Scomberomorus commerson,29.217829,85.024752,2019-08-29,61,265.934,34,19.98,Longline,Neelkanth,,Gulf of Kutch (Gujarat)
CATCH0324,VSL0324,Nemipterus japonicus,19.514587,94.411841,2023-08-18,118,370.4,19,16.24,Purse Seine,MV Dolphin,,Off Visakhapatnam (Andhra Pradesh)
CATCH0325,VSL0325,Epinephelus coioides,19.174397,75.0219,2019-07-24,63,33.295,35,22.93,Trawl,Sea Voyager,,Off Mumbai (Maharashtra)
CATCH0326,VSL0326,Megalaspis cordyla,11.103085,90.058243,2020-03-15,40,171.551,80,26.0,Trap,Sagar Sampada,,Off Kolkata (West Bengal)
CATCH0327,VSL0327,Pristipomoides filamentosus,17.381955,86.493408,2021-01-10,101,654.021,1,28.72,Purse Seine,FV Lakshmi,,Andaman Sea
CATCH0328,VSL0328,Scylla serrata,31.866961,97.448528,2025-04-02,87,459.59,75,25.19,Longline,FV Shakti,,Gulf of Kutch (Gujarat)
CATCH0329,VSL0329,Scomberomorus commerson,13.853114,78.771438,2021-12-11,79,336.62,43,27.77,Trap,Neelkanth,,Off Chennai (Tamil Nadu)
CATCH0330,VSL0330,Sardinella longiceps,29.795187,97.210994,2020-04-13,46,314.386,75,21.87,Hook and Line,Oceanic Star,,Off Chennai (Tamil Nadu)
CATCH0331,VSL0331,Penaeus indicus,10.500035,92.443311,2019-05-06,81,62.508,73,28.86,Trap,FV Lakshmi,,Off Visakhapatnam (Andhra Pradesh)
CATCH0332,VSL0332,Sphyraena obtusata,27.09153,83.250879,2021-09-25,19,4.321,83,29.55,Purse Seine,FV Shakti,,Gulf of Kutch (Gujarat)
CATCH0333,VSL0333,Lates calcarifer,14.816762,88.711541,2019-10-02,34,124.045,101,24.36,Purse Seine,Neelkanth,,Off Kochi (Kerala)
CATCH0334,VSL0334,Sphyraena obtusata,8.621459,78.24678,2022-11-04,33,91.799,6,17.17,Longline,Neelkanth,,Off Chennai (Tamil Nadu)
CATCH0335,VSL0335,Lates calcarifer,34.218989,76.20924,2022-06-18,108,739.225,39,18.14,Purse Seine,Sea Voyager,,Off Mumbai (Maharashtra)
CATCH0336,VSL0336,Epinephelus coioides,8.137423,79.439401,2020-04-27,66,214.872,41,18.12,Gillnet,Oceanic Star,,Off Mangalore (Karnataka)
CATCH0337,VSL0337,Trichiurus lepturus,20.325097,72.10788,2022-04-01,95,381.112,86,26.02,Hook and Line,MV Dolphin,,Off Mangalore (Karnataka)
CATCH0338,VSL0338,Rastrelliger kanagurta,30.784308,86.595522,2023-10-16,80,653.968,23,29.6,Longline,FV Lakshmi,,Off Kochi (Kerala)
CATCH0339,VSL0339,Penaeus indicus,34.80446,94.592418,2020-11-22,74,449.498,82,17.15,Purse Seine,Sea Voyager,,Andaman Sea
CATCH0340,VSL0340,Epinephelus coioides,14.86998,69.538534,2020-12-16,71,229.274,87,23.3,Trap,Annapurna,,Off Mumbai (Maharashtra)
CATCH0341,VSL0341,Lates calcarifer,21.868513,92.436289,2018-01-05,60,278.963,88,24.68,Trawl,Annapurna,,Off Chennai (Tamil Nadu)
CATCH0342,VSL0342,Scylla serrata,35.347252,96.588564,2020-02-07,0,0.0,84,23.68,Longline,MV Sea Pearl,ANOMALY: zero quantity recorded,Andaman Sea
CATCH0343,VSL0343,Pristipomoides filamentosus,30.734929,77.41748,2025-07-10,97,475.493,84,20.85,Hook and Line,FV Shakti,,Off Pondicherry
CATCH0344,VSL0344,Epinephelus coioides,22.951928,90.694726,2023-01-23,81,536.606,92,28.33,Gillnet,Annapurna,,Off Kochi (Kerala)
CATCH0345,VSL0345,Pristipomoides filamentosus,13.230132,77.027756,2018-11-08,4,13.666,77,17.96,Trap,Annapurna,,Off Kochi (Kerala)
CATCH0346,VSL0346,Nemipterus japonicus,32.194939,88.863384,2024-09-26,33,118.284,37,22.7,Purse Seine,Annapurna,,Off Kochi (Kerala)
CATCH0347,VSL0347,Lates calcarifer,21.570298,94.746178,2024-10-17,118,642.306,47,25.14,Hook and Line,FV Lakshmi,,Off Kochi (Kerala)
CATCH0348,VSL0348,Lates calcarifer,34.230794,75.258853,2019-02-14,0,0.0,7,28.04,Longline,Sagar Sampada,ANOMALY: zero quantity recorded,Off Pondicherry
CATCH0349,VSL0349,Pristipomoides filamentosus,25.177958,75.755339,2021-06-15,49,50.453,40,17.2,Gillnet,Neelkanth,,Off Visakhapatnam (Andhra Pradesh)
CATCH0350,VSL0350,Carcharhinus sorrah,7.656633,86.527065,2020-09-14,100,433.651,60,20.65,Gillnet,FV Lakshmi,,Off Visakhapatnam (Andhra Pradesh)
CATCH0351,VSL0351,Scomberomorus commerson,27.01753,88.926073,2025-03-09,58,251.094,36,22.97,Longline,FV Lakshmi,,Off Visakhapatnam (Andhra Pradesh)
CATCH0352,VSL0352,Sphyraena obtusata,33.229709,78.349166,2025-05-30,117,47.758,107,23.47,Hook and Line,FV Lakshmi,,Gulf of Kutch (Gujarat)
CATCH0353,VSL0353,Scylla serrata,9.149595,70.314038,2022-04-21,23,179.372,104,23.39,Gillnet,MV Dolphin,,Off Paradip (Odisha)
CATCH0354,VSL0354,Scomber japonicus,6.732765,89.604303,2019-10-08,116,853.797,55,24.12,Trap,FV Shakti,,Off Visakhapatnam (Andhra Pradesh)
CATCH0355,VSL0355,Carcharhinus sorrah,23.267006,94.740054,2021-04-29,9,52.401,92,20.78,Purse Seine,Sea Voyager,,Off Paradip (Odisha)
CATCH0356,VSL0356,Rastrelliger kanagurta,11.968397,75.547984,2024-07-29,7,14.363,61,24.32,Trap,MV Sea Pearl,,Off Chennai (Tamil Nadu)
CATCH0357,VSL0357,Penaeus indicus,9.689005,70.950133,2019-06-30,69,229.992,116,26.73,Longline,Sagar Sampada,,Andaman Sea
CATCH0358,VSL0358,Trichiurus lepturus,21.253755,72.855206,2021-03-04,78,559.734,26,20.6,Trawl,MV Sea Pearl,,Off Chennai (Tamil Nadu)
CATCH0359,VSL0359,Penaeus indicus,12.313192,72.946094,2021-06-27,66,518.992,4,25.17,Purse Seine,MV Dolphin,,Off Mangalore (Karnataka)
CATCH0360,VSL0360,Pristipomoides filamentosus,23.683603,86.535516,2020-06-01,74,614.773,68,16.65,Trawl,Oceanic Star,,Off Mumbai (Maharashtra)
CATCH0361,VSL0361,Scylla serrata,10.911629,85.414176,2025-08-25,36,182.381,103,-2.0,Longline,MV Sea Pearl,ANOMALY: extreme water temperature -2.0C,Andaman Sea
CATCH0362,VSL0362,Sphyraena obtusata,11.602976,90.447227,2025-04-04,68,80.908,32,29.68,Longline,MV Sea Pearl,,Off Mumbai (Maharashtra)
CATCH0363,VSL0363,Megalaspis cordyla,13.903777,92.198538,2020-02-12,71,596.718,56,23.27,Gillnet,Oceanic Star,,Off Chennai (Tamil Nadu)
CATCH0364,VSL0364,Trichiurus lepturus,25.020779,83.207801,2025-02-27,63,130.685,100,20.26,Purse Seine,Sea Voyager,,Off Pondicherry
CATCH0365,VSL0365,Mugil cephalus,35.476587,80.239519,2023-02-22,35,155.928,45,21.96,Trap,FV Lakshmi,,Off Kochi (Kerala)
CATCH0366,VSL0366,Rastrelliger kanagurta,11.41046,73.576256,2024-06-19,109,75.878,71,29.1,Purse Seine,MV Dolphin,,Off Mangalore (Karnataka)
CATCH0367,VSL0367,Pristipomoides filamentosus,10.748007,91.963916,2021-09-14,90,721.757,76,29.87,Purse Seine,FV Shakti,,Gulf of Kutch (Gujarat)
CATCH0368,VSL0368,Penaeus indicus,20.370696,94.585313,2023-10-08,85,50.015,64,25.16,Hook and Line,FV Lakshmi,,Off Chennai (Tamil Nadu)
CATCH0369,VSL0369,Trichiurus lepturus,30.421513,90.287116,2022-02-17,29,75.968,46,21.6,Trawl,Oceanic Star,,Andaman Sea
CATCH0370,VSL0370,Trichiurus lepturus,36.468895,91.306976,2018-10-15,78,373.426,71,24.02,Trap,FV Shakti,,Off Paradip (Odisha)
CATCH0371,VSL0371,Scomber japonicus,31.794775,84.289396,2020-03-16,88,134.384,112,21.48,Longline,Sea Voyager,,Off Paradip (Odisha)
CATCH0372,VSL0372,Epinephelus coioides,23.483482,83.404729,2019-10-14,118,949.962,89,27.38,Longline,Annapurna,,Off Kolkata (West Bengal)
CATCH0373,VSL0373,Scylla serrata,13.230276,88.782357,2019-11-15,117,198.982,18,21.6,Purse Seine,Oceanic Star,,Off Paradip (Odisha)
CATCH0374,VSL0374,Pristipomoides filamentosus,35.406304,91.089123,2023-10-14,112,158.207,89,60.0,Longline,MV Dolphin,ANOMALY: extreme water temperature 60.0C,Off Mangalore (Karnataka)
CATCH0375,VSL0375,Sardinella longiceps,7.579685,68.413282,2022-01-23,27,78.155,131,25.28,Hook and Line,Neelkanth,,Gulf of Kutch (Gujarat)
CATCH0376,VSL0376,Pristipomoides filamentosus,31.261455,69.554098,2021-06-06,119,779.491,27,29.19,Trawl,FV Shakti,,Off Paradip (Odisha)
CATCH0377,VSL0377,Epinephelus coioides,31.473153,81.196824,2018-12-27,63,386.888,58,18.44,Longline,Kadal Vazhakku,,Off Kochi (Kerala)
CATCH0378,VSL0378,Carcharhinus sorrah,34.943293,68.454853,2021-12-14,81,516.566,56,27.39,Purse Seine,MV Sea Pearl,,Off Visakhapatnam (Andhra Pradesh)
CATCH0379,VSL0379,Megalaspis cordyla,25.192843,92.027922,2024-04-12,40,306.176,98,26.83,Trap,FV Lakshmi,,Off Paradip (Odisha)
CATCH0380,VSL0380,Penaeus indicus,36.665965,85.23864,2019-11-26,20,61.467,67,24.32,Trawl,Annapurna,,Off Paradip (Odisha)
CATCH0381,VSL0381,Carcharhinus sorrah,27.694111,84.388835,2018-07-26,50,269.384,106,20.92,Hook and Line,MV Dolphin,,Off Mumbai (Maharashtra)
CATCH0382,VSL0382,Sphyraena obtusata,20.572079,94.563201,2018-10-15,13,71.5,168,25.02,Purse Seine,Kadal Vazhakku,,Off Visakhapatnam (Andhra Pradesh)
CATCH0383,VSL0383,Megalaspis cordyla,8.376876,92.526136,2023-03-15,32,128.267,40,24.08,Longline,Sea Voyager,,Off Mumbai (Maharashtra)
CATCH0384,VSL0384,Nemipterus japonicus,23.921255,84.907202,2021-04-03,16,79.129,103,22.35,Trawl,Annapurna,,Off Kochi (Kerala)
CATCH0385,VSL0385,Sardinella longiceps,34.186402,85.002308,2020-06-09,95,73.404,36,17.28,Longline,FV Lakshmi,,Off Paradip (Odisha)
CATCH0386,VSL0386,Lates calcarifer,19.02671,76.311213,2023-08-06,117,121.129,20,16.15,Hook and Line,MV Dolphin,,Off Kochi (Kerala)
CATCH0387,VSL0387,Pristipomoides filamentosus,27.540857,70.458995,2018-11-17,110,388.92,17,21.38,Longline,MV Dolphin,,Off Chennai (Tamil Nadu)
CATCH0388,VSL0388,Lates calcarifer,-95.123456,73.838485,2022-11-22,61,215.769,92,23.52,Hook and Line,MV Sea Pearl,ANOMALY: invalid coordinates,Off Kochi (Kerala)
CATCH0389,VSL0389,Megalaspis cordyla,18.183453,89.169374,2021-09-27,64,120.367,7,26.48,Longline,Oceanic Star,,Off Mangalore (Karnataka)
CATCH0390,VSL0390,Scomber japonicus,10.621361,94.689316,2023-08-31,14,-94.173,1,20.69,Hook and Line,MV Sea Pearl,ANOMALY: negative weight recorded,Off Chennai (Tamil Nadu)
CATCH0391,VSL0391,Trichiurus lepturus,36.730084,96.717354,2020-08-14,77,29.707,41,23.44,Longline,FV Shakti,,Off Chennai (Tamil Nadu)
CATCH0392,VSL0392,Sardinella longiceps,19.522974,84.917186,2025-02-21,73,138.546,47,26.48,Gillnet,MV Sea Pearl,,Andaman Sea
CATCH0393,VSL0393,Lates calcarifer,9.034064,86.919112,2022-08-02,52,224.228,0,27.97,Trap,MV Sea Pearl,,Off Paradip (Odisha)
CATCH0394,VSL0394,Megalaspis cordyla,33.458673,78.187342,2022-07-20,58,365.422,86,23.29,Longline,Sagar Sampada,,Off Chennai (Tamil Nadu)
CATCH0395,VSL0395,Mugil cephalus,15.744281,93.405531,2020-05-22,68,49.511,124,17.57,Trawl,Kadal Vazhakku,,Off Mangalore (Karnataka)
CATCH0396,VSL0396,Scylla serrata,15.039416,75.878368,2021-11-06,79,594.851,2,28.35,Gillnet,FV Shakti,,Andaman Sea
CATCH0397,VSL0397,Scylla serrata,30.367338,75.226429,2020-02-28,21,22.808,96,20.79,Trawl,Annapurna,,Off Mumbai (Maharashtra)
CATCH0398,VSL0398,Rastrelliger kanagurta,26.363967,71.846508,2023-04-05,4,12.049,65,29.29,Trap,Neelkanth,,Off Kochi (Kerala)
CATCH0399,VSL0399,Scomber japonicus,15.707268,82.841336,2019-08-31,119,131.302,100,23.86,Trap,Sagar Sampada,,Off Chennai (Tamil Nadu)
CATCH0400,VSL0400,Megalaspis cordyla,19.630019,77.102705,2021-12-11,71,258.396,32,21.91,Trawl,Annapurna,,Gulf of Kutch (Gujarat)
CATCH0401,VSL0401,Pristipomoides filamentosus,22.638652,70.363712,2021-07-31,106,849.227,14,27.79,Hook and Line,Sagar Sampada,,Off Chennai (Tamil Nadu)
CATCH0402,VSL0402,Rastrelliger kanagurta,9.337262,74.075264,2018-03-08,12,42.726,20,17.13,Trap,Kadal Vazhakku,,Off Chennai (Tamil Nadu)
CATCH0403,VSL0403,Epinephelus coioides,6.772344,96.363174,2023-11-27,115,762.254,95,23.84,Longline,Kadal Vazhakku,,Off Visakhapatnam (Andhra Pradesh)
CATCH0404,VSL0404,Trichiurus lepturus,34.830201,79.679967,2022-12-26,29,18.556,20,29.23,Trawl,Sea Voyager,,Andaman Sea
CATCH0405,VSL0405,Pristipomoides filamentosus,36.615805,79.096922,2018-10-31,119,613.543,90,20.17,Hook and Line,Sagar Sampada,,Off Pondicherry
CATCH0406,VSL0406,Scomber japonicus,18.02513,91.715307,2021-07-28,76,59.29,145,24.74,Trawl,MV Dolphin,,Off Kochi (Kerala)
CATCH0407,VSL0407,Penaeus indicus,31.515778,90.309016,2023-01-22,120,682.22,32,20.65,Longline,FV Shakti,,Off Mangalore (Karnataka)
CATCH0408,VSL0408,Lates calcarifer,22.167742,88.406349,2019-11-19,9,16.302,48,29.08,Longline,MV Sea Pearl,,Off Kochi (Kerala)
CATCH0409,VSL0409,Mugil cephalus,19.714464,81.752544,2021-11-05,14,18.628,40,20.08,Hook and Line,MV Dolphin,,Gulf of Kutch (Gujarat)
CATCH0410,VSL0410,Rastrelliger kanagurta,28.124739,81.300344,2024-03-26,1,0.705,53,20.4,Hook and Line,FV Shakti,,Off Kolkata (West Bengal)
CATCH0411,VSL0411,Rastrelliger kanagurta,6.714069,70.877733,2020-11-20,113,473.105,26,24.47,Trawl,MV Dolphin,,Andaman Sea
CATCH0412,VSL0412,Penaeus indicus,32.165582,95.189237,2019-02-10,98,360.738,8,28.53,Trawl,FV Lakshmi,,Andaman Sea
CATCH0413,VSL0413,Sardinella longiceps,26.244647,97.153734,2018-01-16,16,63.264,21,27.74,Trawl,Kadal Vazhakku,,Off Pondicherry
CATCH0414,VSL0414,Megalaspis cordyla,10.447463,77.110102,2020-05-22,41,96.226,50,24.77,Trawl,Sagar Sampada,,Off Mangalore (Karnataka)
CATCH0415,VSL0415,Carcharhinus sorrah,12.626843,80.347881,2025-04-28,112,749.533,4,18.22,Gillnet,MV Sea Pearl,,Off Pondicherry
CATCH0416,VSL0416,Rastrelliger kanagurta,25.67941,87.751122,2023-01-10,87,535.304,60,24.23,Hook and Line,Annapurna,,Off Chennai (Tamil Nadu)
CATCH0417,VSL0417,Trichiurus lepturus,11.571799,71.223349,2025-09-13,3,23.281,10,22.82,Trap,Oceanic Star,,Off Kolkata (West Bengal)
CATCH0418,VSL0418,Trichiurus lepturus,35.369085,84.50566,2021-04-08,31,223.489,5,21.53,Purse Seine,Oceanic Star,,Andaman Sea
CATCH0419,VSL0419,Carcharhinus sorrah,120.123456,86.884201,2018-10-11,105,186.906,15,18.12,Purse Seine,Kadal Vazhakku,ANOMALY: invalid coordinates,Andaman Sea
CATCH0420,VSL0420,Mugil cephalus,23.366228,69.873724,2020-10-27,54,48.991,86,19.8,Hook and Line,MV Sea Pearl,,Off Mangalore (Karnataka)
CATCH0421,VSL0421,Scylla serrata,36.059064,82.85799,2018-10-07,91,436.729,103,22.59,Trap,MV Sea Pearl,,Andaman Sea
CATCH0422,VSL0422,Pristipomoides filamentosus,18.177151,75.159355,2025-06-05,86,580.799,85,20.37,Trawl,Oceanic Star,,Off Chennai (Tamil Nadu)
CATCH0423,VSL0423,Pristipomoides filamentosus,18.987815,90.430726,2019-03-01,26,149.159,47,27.35,Purse Seine,Sagar Sampada,,Off Mangalore (Karnataka)
CATCH0424,VSL0424,Carcharhinus sorrah,9.86038,97.437016,2024-07-22,36,226.305,41,26.2,Longline,MV Dolphin,,Gulf of Kutch (Gujarat)
CATCH0425,VSL0425,Sardinella longiceps,15.310307,68.526146,2019-07-09,26,89.861,27,16.01,Hook and Line,Neelkanth,,Off Kochi (Kerala)
CATCH0426,VSL0426,Megalaspis cordyla,21.527688,75.168277,2022-01-12,35,126.726,61,29.26,Trap,MV Sea Pearl,,Off Kochi (Kerala)
CATCH0427,VSL0427,Scomberomorus commerson,10.056527,69.603449,2025-06-18,63,233.223,74,25.66,Longline,MV Dolphin,,Off Kochi (Kerala)
CATCH0428,VSL0428,Trichiurus lepturus,23.685442,74.564992,2018-05-26,25,167.141,63,23.98,Longline,Sagar Sampada,,Off Pondicherry
CATCH0429,VSL0429,Sphyraena obtusata,18.961855,84.76954,2020-10-12,31,87.614,143,25.29,Gillnet,FV Shakti,,Off Kochi (Kerala)
CATCH0430,VSL0430,Penaeus indicus,12.798366,79.439203,2024-10-23,118,399.644,69,26.92,Trap,FV Shakti,,Off Visakhapatnam (Andhra Pradesh)
CATCH0431,VSL0431,Sardinella longiceps,24.54283,80.102305,2024-10-01,62,485.579,58,26.86,Purse Seine,Neelkanth,,Off Mumbai (Maharashtra)
CATCH0432,VSL0432,Scomberomorus commerson,36.255041,91.881858,2024-03-12,73,304.53,80,24.69,Trawl,FV Shakti,,Off Pondicherry
CATCH0433,VSL0433,Scylla serrata,23.369432,96.184149,2024-12-16,117,-706.009,12,21.43,Purse Seine,Oceanic Star,ANOMALY: negative weight recorded,Off Visakhapatnam (Andhra Pradesh)
CATCH0434,VSL0434,Trichiurus lepturus,23.93556,86.578506,2025-04-05,26,135.33,61,26.26,Hook and Line,Annapurna,,Off Chennai (Tamil Nadu)
CATCH0435,VSL0435,Epinephelus coioides,23.281704,70.877465,2024-12-24,95,137.486,44,27.05,Trawl,Kadal Vazhakku,,Off Kolkata (West Bengal)
CATCH0436,VSL0436,Trichiurus lepturus,33.701187,92.536345,2025-02-23,102,47.088,4,26.27,Purse Seine,Kadal Vazhakku,,Off Chennai (Tamil Nadu)
CATCH0437,VSL0437,Scomberomorus commerson,8.660515,91.542933,2025-06-04,38,193.445,21,19.99,Hook and Line,Kadal Vazhakku,,Andaman Sea
CATCH0438,VSL0438,Scomber japonicus,12.683247,91.238424,2023-12-23,101,503.17,55,17.29,Trap,FV Lakshmi,,Off Visakhapatnam (Andhra Pradesh)
CATCH0439,VSL0439,Epinephelus coioides,11.911728,71.414318,2020-06-18,28,55.29,42,24.04,Trawl,Kadal Vazhakku,,Off Mangalore (Karnataka)
CATCH0440,VSL0440,Pristipomoides filamentosus,15.156709,69.29423,2018-07-02,79,567.654,28,24.68,Trap,Oceanic Star,,Off Kochi (Kerala)
CATCH0441,VSL0441,Sphyraena obtusata,16.076834,90.819045,2018-02-10,61,62.59,24,23.12,Trap,MV Dolphin,,Off Paradip (Odisha)
CATCH0442,VSL0442,Sardinella longiceps,21.145249,79.576105,2019-07-04,1,4.324,98,24.62,Gillnet,FV Shakti,,Off Kolkata (West Bengal)
CATCH0443,VSL0443,Trichiurus lepturus,21.73732,93.772941,2021-01-16,110,340.017,145,18.9,Trawl,FV Shakti,,Off Kolkata (West Bengal)
CATCH0444,VSL0444,Mugil cephalus,7.728817,94.436233,2022-03-13,14,77.676,35,20.61,Longline,Sagar Sampada,,Off Paradip (Odisha)
CATCH0445,VSL0445,Megalaspis cordyla,29.767252,76.798075,2025-02-20,39,197.929,53,20.68,Purse Seine,Kadal Vazhakku,,Off Visakhapatnam (Andhra Pradesh)
CATCH0446,VSL0446,Scomberomorus commerson,25.96152,92.430076,2025-03-04,107,31.404,17,26.92,Purse Seine,Kadal Vazhakku,,Off Kochi (Kerala)
CATCH0447,VSL0447,Epinephelus coioides,19.039511,70.201425,2020-12-28,25,42.266,53,19.82,Gillnet,Kadal Vazhakku,,Off Chennai (Tamil Nadu)
CATCH0448,VSL0448,Sardinella longiceps,23.003855,69.628735,2023-05-21,69,144.672,162,24.92,Longline,Sea Voyager,,Off Kochi (Kerala)
CATCH0449,VSL0449,Sphyraena obtusata,17.108138,90.909166,2024-01-15,112,186.51,8,19.16,Longline,Annapurna,,Off Mangalore (Karnataka)
CATCH0450,VSL0450,Penaeus indicus,29.65648,74.779122,2022-12-22,117,622.502,4,17.66,Hook and Line,Annapurna,,Andaman Sea
CATCH0451,VSL0451,Penaeus indicus,10.887164,90.61473,2021-12-07,69,59.645,28,22.41,Gillnet,Sea Voyager,,Off Mumbai (Maharashtra)
CATCH0452,VSL0452,Megalaspis cordyla,28.583594,77.906574,2025-03-11,91,728.09,87,27.63,Trawl,MV Sea Pearl,,Off Mangalore (Karnataka)
CATCH0453,VSL0453,Penaeus indicus,20.794657,90.304441,2022-10-22,115,204.311,98,19.08,Trawl,MV Dolphin,,Off Chennai (Tamil Nadu)
CATCH0454,VSL0454,Trichiurus lepturus,24.134778,87.796147,2019-03-29,61,285.398,115,24.91,Longline,Neelkanth,,Off Visakhapatnam (Andhra Pradesh)
CATCH0455,VSL0455,Trichiurus lepturus,21.166038,78.810793,2020-05-09,59,364.74,37,25.21,Trawl,Kadal Vazhakku,,Gulf of Kutch (Gujarat)
CATCH0456,VSL0456,Carcharhinus sorrah,8.245414,95.428813,2018-06-14,23,87.481,76,20.77,Trawl,Sagar Sampada,,Off Kolkata (West Bengal)
CATCH0457,VSL0457,Epinephelus coioides,13.908965,69.624696,2018-10-05,47,289.77,95,23.06,Trap,MV Dolphin,,Andaman Sea
CATCH0458,VSL0458,Pristipomoides filamentosus,25.488032,90.116928,2022-04-27,10,69.606,96,26.36,Gillnet,Sagar Sampada,,Off Paradip (Odisha)
CATCH0459,VSL0459,Rastrelliger kanagurta,7.748865,85.537676,2024-05-27,111,500.324,58,28.59,Hook and Line,Sea Voyager,,Off Kolkata (West Bengal)
CATCH0460,VSL0460,Rastrelliger kanagurta,36.163429,93.154432,2018-06-28,105,662.341,12,24.87,Hook and Line,Oceanic Star,,Andaman Sea
CATCH0461,VSL0461,Scomberomorus commerson,24.124238,68.985927,2018-03-15,49,272.128,48,21.65,Purse Seine,Neelkanth,,Off Kochi (Kerala)
CATCH0462,VSL0462,Pristipomoides filamentosus,19.653082,70.733045,2024-09-09,43,9.217,21,26.41,Purse Seine,MV Sea Pearl,,Off Paradip (Odisha)
CATCH0463,VSL0463,Nemipterus japonicus,36.586042,92.09369,2025-08-27,69,177.917,4,26.43,Gillnet,Sagar Sampada,,Off Paradip (Odisha)
CATCH0464,VSL0464,Trichiurus lepturus,23.012253,94.885981,2025-07-07,41,41.262,107,23.63,Trawl,Neelkanth,,Off Mumbai (Maharashtra)
CATCH0465,VSL0465,Scomber japonicus,17.833543,78.036931,2021-10-17,5,10.541,33,20.2,Purse Seine,MV Dolphin,,Off Kolkata (West Bengal)
CATCH0466,VSL0466,Scylla serrata,14.714793,77.794663,2018-12-13,32,223.536,80,16.26,Trap,Annapurna,,Andaman Sea
CATCH0467,VSL0467,Nemipterus japonicus,12.199295,79.795064,2025-05-31,68,93.974,87,29.04,Gillnet,Sea Voyager,,Off Chennai (Tamil Nadu)
CATCH0468,VSL0468,Carcharhinus sorrah,31.229296,78.028262,2023-09-17,107,510.991,20,21.22,Trawl,Oceanic Star,,Off Pondicherry
CATCH0469,VSL0469,Scomberomorus commerson,28.129263,94.940494,2021-01-09,89,466.829,119,21.26,Gillnet,Kadal Vazhakku,,Gulf of Kutch (Gujarat)
CATCH0470,VSL0470,Pristipomoides filamentosus,8.415726,95.09935,2024-06-30,35,203.081,59,26.54,Gillnet,Sagar Sampada,,Off Kochi (Kerala)
CATCH0471,VSL0471,Sphyraena obtusata,23.204003,96.36553,2024-09-12,37,197.116,83,26.94,Purse Seine,FV Lakshmi,,Andaman Sea
CATCH0472,VSL0472,Nemipterus japonicus,10.708258,96.195615,2023-04-17,14,73.466,112,26.21,Hook and Line,Annapurna,,Andaman Sea
CATCH0473,VSL0473,Megalaspis cordyla,28.889224,84.077002,2021-12-27,114,328.717,59,16.96,Purse Seine,Kadal Vazhakku,,Off Visakhapatnam (Andhra Pradesh)
CATCH0474,VSL0474,Trichiurus lepturus,30.952042,86.271237,2018-03-31,7,5.396,76,25.64,Hook and Line,MV Sea Pearl,,Off Mangalore (Karnataka)
CATCH0475,VSL0475,Nemipterus japonicus,13.322395,68.512102,2025-02-19,60,124.105,62,19.4,Gillnet,MV Sea Pearl,,Off Paradip (Odisha)
CATCH0476,VSL0476,Epinephelus coioides,24.243857,91.814366,2022-11-27,2,13.685,2,18.6,Gillnet,MV Dolphin,,Off Visakhapatnam (Andhra Pradesh)
CATCH0477,VSL0477,Scomber japonicus,15.564213,72.621156,2025-07-27,40,237.701,28,27.58,Hook and Line,Annapurna,,Off Visakhapatnam (Andhra Pradesh)
CATCH0478,VSL0478,Scomber japonicus,24.326869,79.776713,2019-08-20,11,29.369,67,19.86,Trawl,Neelkanth,,Off Pondicherry
CATCH0479,VSL0479,Trichiurus lepturus,30.648977,93.942908,2020-07-17,82,311.113,54,20.7,Trap,Neelkanth,,Off Kochi (Kerala)
CATCH0480,VSL0480,Lates calcarifer,18.781767,92.145876,2020-04-12,49,378.804,85,28.01,Hook and Line,Annapurna,,Gulf of Kutch (Gujarat)
CATCH0481,VSL0481,Nemipterus japonicus,17.486494,96.75203,2021-03-15,45,236.226,17,29.58,Purse Seine,Sea Voyager,,Gulf of Kutch (Gujarat)
CATCH0482,VSL0482,Pristipomoides filamentosus,8.715654,87.193819,2018-04-26,25,195.303,127,26.15,Purse Seine,MV Dolphin,,Off Mangalore (Karnataka)
CATCH0483,VSL0483,Trichiurus lepturus,-95.123456,80.584226,2021-01-10,20,141.524,148,24.53,Gillnet,Oceanic Star,ANOMALY: invalid coordinates,Off Visakhapatnam (Andhra Pradesh)
CATCH0484,VSL0484,Sardinella longiceps,7.761639,95.09987,2023-02-08,117,777.883,79,22.1,Purse Seine,Annapurna,,Off Kolkata (West Bengal)
CATCH0485,VSL0485,Megalaspis cordyla,27.399902,68.1901,2018-01-15,16,136.207,68,26.95,Purse Seine,MV Sea Pearl,,Off Mangalore (Karnataka)
CATCH0486,VSL0486,Carcharhinus sorrah,19.770247,79.985744,2024-01-05,61,116.699,125,23.51,Trawl,Annapurna,,Off Mumbai (Maharashtra)
CATCH0487,VSL0487,Pristipomoides filamentosus,33.22543,89.529064,2018-02-15,119,878.815,73,25.92,Hook and Line,MV Sea Pearl,,Off Mumbai (Maharashtra)
CATCH0488,VSL0488,Pristipomoides filamentosus,8.323689,88.005336,2021-08-21,0,316.632,53,28.38,Longline,MV Dolphin,ANOMALY: zero quantity recorded,Off Mumbai (Maharashtra)
CATCH0489,VSL0489,Penaeus indicus,36.427681,89.581014,2021-09-15,25,56.696,63,18.7,Hook and Line,FV Lakshmi,,Off Visakhapatnam (Andhra Pradesh)
CATCH0490,VSL0490,Pristipomoides filamentosus,21.029198,-190.987654,2021-08-07,7,24.218,44,19.01,Gillnet,Neelkanth,ANOMALY: invalid coordinates,Off Paradip (Odisha)
CATCH0491,VSL0491,Rastrelliger kanagurta,13.218988,73.77329,2019-12-07,112,334.725,122,20.55,Longline,MV Sea Pearl,,Andaman Sea
CATCH0492,VSL0492,Nemipterus japonicus,27.627735,72.993815,2019-05-17,119,822.761,140,21.25,Longline,Neelkanth,,Off Mumbai (Maharashtra)
CATCH0493,VSL0493,Trichiurus lepturus,33.137236,81.693627,2024-01-25,66,320.891,25,24.48,Trap,FV Shakti,,Off Visakhapatnam (Andhra Pradesh)
CATCH0494,VSL0494,Sardinella longiceps,22.387282,78.966204,2018-02-15,112,84.239,43,25.4,Trawl,Sea Voyager,,Off Visakhapatnam (Andhra Pradesh)
CATCH0495,VSL0495,Trichiurus lepturus,8.201104,82.963969,2018-03-10,31,107.749,45,18.82,Purse Seine,MV Sea Pearl,,Off Mumbai (Maharashtra)
CATCH0496,VSL0496,Carcharhinus sorrah,34.376304,89.795748,2020-12-22,63,276.31,11,24.47,Purse Seine,FV Lakshmi,,Gulf of Kutch (Gujarat)
CATCH0497,VSL0497,Sardinella longiceps,14.363662,75.702424,2023-11-15,74,445.047,3,22.4,Trap,Oceanic Star,,Off Kochi (Kerala)
CATCH0498,VSL0498,Mugil cephalus,36.172052,87.305287,2021-07-20,98,271.495,103,21.34,Gillnet,Neelkanth,,Off Paradip (Odisha)
CATCH0499,VSL0499,Carcharhinus sorrah,12.954828,76.053768,2018-07-16,16,28.645,78,27.31,Longline,FV Shakti,,Gulf of Kutch (Gujarat)
CATCH0500,VSL0500,Penaeus indicus,8.290802,89.64101,2022-11-12,47,-55.294,59,25.09,Trawl,Sagar Sampada,ANOMALY: negative weight recorded,Off Mangalore (Karnataka)
